Workbook

Sheet Coaching
A1: Prioriteit | B1: Coaching rijschool | C1: aanvraagsdatum | D1: P-nr | E1: Naam | F1: Voornaam | G1: Volledige naam | H1: OT | I1: Teamcoach | J1: Rooster | K1: Opmerkingen | L1: Bus/Tram | M1: Instructeur | N1: Datum Coaching | O1: Werkpunten 1 | P1: Werkpunten 2 | Q1: Beoordeling rijschool | R1: hercoaching noodzakelijk | S1: ingevoerd in SS | T1: Kolom1
C2: 45334 | D2: 37936 | E2: =VLOOKUP(Tabel2[[#This Row],[P-nr]],'data Chauffeur'!A:F,2,FALSE) -> Detaeye | F2: =VLOOKUP(Tabel2[[#This Row],[P-nr]],'data Chauffeur'!A:F,3,FALSE) -> Alexander | G2: =VLOOKUP(Tabel3[[#This Row],[P-nr]],'data Chauffeur'!A:F,6) -> #N/A | H2: =VLOOKUP(Tabel2[[#This Row],[P-nr]],'data Chauffeur'!A:F,6,FALSE) -> Gent stad | I2: =VLOOKUP(Tabel2[[#This Row],[P-nr]],'data Chauffeur'!A:F,4,FALSE) -> Steven Storm | J2: =VLOOKUP(Tabel2[[#This Row],[P-nr]],'data Chauffeur'!A:F,5,FALSE) -> BN24 | K2: ongevallen + aandacht zwakke weggebruiker
C3: 45434 | D3: 36625 | E3: =VLOOKUP(Tabel2[[#This Row],[P-nr]],'data Chauffeur'!A:F,2,FALSE) -> Carion | F3: =VLOOKUP(Tabel2[[#This Row],[P-nr]],'data Chauffeur'!A:F,3,FALSE) -> Rojet | G3: =VLOOKUP(Tabel3[[#This Row],[P-nr]],'data Chauffeur'!A:F,6) -> Gent stad | H3: =VLOOKUP(Tabel2[[#This Row],[P-nr]],'data Chauffeur'!A:F,6,FALSE) -> Gent stad | I3: =VLOOKUP(Tabel2[[#This Row],[P-nr]],'data Chauffeur'!A:F,4,FALSE) -> Kenneth De Rick | J3: =VLOOKUP(Tabel2[[#This Row],[P-nr]],'data Chauffeur'!A:F,5,FALSE) -> BR15 | K3: eco score
C4: 45506 | D4: 33757 | E4: =VLOOKUP(Tabel2[[#This Row],[P-nr]],'data Chauffeur'!A:F,2,FALSE) -> Vergucht | F4: =VLOOKUP(Tabel2[[#This Row],[P-nr]],'data Chauffeur'!A:F,3,FALSE) -> Hugo | G4: =VLOOKUP(Tabel3[[#This Row],[P-nr]],'data Chauffeur'!A:F,6) -> Gent stad | H4: =VLOOKUP(Tabel2[[#This Row],[P-nr]],'data Chauffeur'!A:F,6,FALSE) -> Gent stad | I4: =VLOOKUP(Tabel2[[#This Row],[P-nr]],'data Chauffeur'!A:F,4,FALSE) -> Steven Storm | J4: =VLOOKUP(Tabel2[[#This Row],[P-nr]],'data Chauffeur'!A:F,5,FALSE) -> BN24 | K4: meer dan 5 ongevallen (6 ongevallen)
A5: ja | B5: ja | C5: 45524 | D5: 36228 | E5: =VLOOKUP(Tabel2[[#This Row],[P-nr]],'data Chauffeur'!A:F,2,FALSE) -> Kilinc | F5: =VLOOKUP(Tabel2[[#This Row],[P-nr]],'data Chauffeur'!A:F,3,FALSE) -> Atilay | G5: =VLOOKUP(Tabel3[[#This Row],[P-nr]],'data Chauffeur'!A:F,6) -> Gent stad | H5: =VLOOKUP(Tabel2[[#This Row],[P-nr]],'data Chauffeur'!A:F,6,FALSE) -> Gent stad | I5: =VLOOKUP(Tabel2[[#This Row],[P-nr]],'data Chauffeur'!A:F,4,FALSE) -> Els Vanhoe | J5: =VLOOKUP(Tabel2[[#This Row],[P-nr]],'data Chauffeur'!A:F,5,FALSE) -> RESF | K5: snelheid/rijstijl | L5: Tram
C6: 45569 | D6: 27607 | E6: =VLOOKUP(Tabel2[[#This Row],[P-nr]],'data Chauffeur'!A:F,2,FALSE) -> Frans | F6: =VLOOKUP(Tabel2[[#This Row],[P-nr]],'data Chauffeur'!A:F,3,FALSE) -> Gabriella | G6: =VLOOKUP(Tabel3[[#This Row],[P-nr]],'data Chauffeur'!A:F,6) -> Gent stad | H6: =VLOOKUP(Tabel2[[#This Row],[P-nr]],'data Chauffeur'!A:F,6,FALSE) -> Gent stad | I6: =VLOOKUP(Tabel2[[#This Row],[P-nr]],'data Chauffeur'!A:F,4,FALSE) -> Kenneth De Rick | J6: =VLOOKUP(Tabel2[[#This Row],[P-nr]],'data Chauffeur'!A:F,5,FALSE) -> TN24
C7: 45593 | D7: 36428 | E7: =VLOOKUP(Tabel2[[#This Row],[P-nr]],'data Chauffeur'!A:F,2,FALSE) -> Abdi Shaiye | F7: =VLOOKUP(Tabel2[[#This Row],[P-nr]],'data Chauffeur'!A:F,3,FALSE) -> Rashid | G7: =VLOOKUP(Tabel3[[#This Row],[P-nr]],'data Chauffeur'!A:F,6) -> Gent stad | H7: =VLOOKUP(Tabel2[[#This Row],[P-nr]],'data Chauffeur'!A:F,6,FALSE) -> Gent stad | I7: =VLOOKUP(Tabel2[[#This Row],[P-nr]],'data Chauffeur'!A:F,4,FALSE) -> Lucie Vande Velde | J7: =VLOOKUP(Tabel2[[#This Row],[P-nr]],'data Chauffeur'!A:F,5,FALSE) -> MN24
C8: 45700 | D8: 10324 | E8: =VLOOKUP(Tabel2[[#This Row],[P-nr]],'data Chauffeur'!A:F,2,FALSE) -> Eggermont | F8: =VLOOKUP(Tabel2[[#This Row],[P-nr]],'data Chauffeur'!A:F,3,FALSE) -> Wim | G8: =VLOOKUP(Tabel3[[#This Row],[P-nr]],'data Chauffeur'!A:F,6) -> Gent stad | H8: =VLOOKUP(Tabel2[[#This Row],[P-nr]],'data Chauffeur'!A:F,6,FALSE) -> Gent stad | I8: =VLOOKUP(Tabel2[[#This Row],[P-nr]],'data Chauffeur'!A:F,4,FALSE) -> Bart Van Der Beken | J8: =VLOOKUP(Tabel2[[#This Row],[P-nr]],'data Chauffeur'!A:F,5,FALSE) -> TL12 | K8: meer dan 5 ongevallen (6 ongevallen)
C9: 45714 | D9: 37794 | E9: =VLOOKUP(Tabel2[[#This Row],[P-nr]],'data Chauffeur'!A:F,2,FALSE) -> Demirkaya | F9: =VLOOKUP(Tabel2[[#This Row],[P-nr]],'data Chauffeur'!A:F,3,FALSE) -> Kâzim | G9: =VLOOKUP(Tabel3[[#This Row],[P-nr]],'data Chauffeur'!A:F,6) -> #N/A | H9: =VLOOKUP(Tabel2[[#This Row],[P-nr]],'data Chauffeur'!A:F,6,FALSE) -> Gent stad | I9: =VLOOKUP(Tabel2[[#This Row],[P-nr]],'data Chauffeur'!A:F,4,FALSE) -> Steven Storm | J9: =VLOOKUP(Tabel2[[#This Row],[P-nr]],'data Chauffeur'!A:F,5,FALSE) -> RESF | K9: bruusk remmen/ snelheid
C10: 45714 | D10: 37662 | E10: =VLOOKUP(Tabel2[[#This Row],[P-nr]],'data Chauffeur'!A:F,2,FALSE) -> Van den Meerssche | F10: =VLOOKUP(Tabel2[[#This Row],[P-nr]],'data Chauffeur'!A:F,3,FALSE) -> Steven | G10: =VLOOKUP(Tabel3[[#This Row],[P-nr]],'data Chauffeur'!A:F,6) -> Gent stad | H10: =VLOOKUP(Tabel2[[#This Row],[P-nr]],'data Chauffeur'!A:F,6,FALSE) -> Gent stad | I10: =VLOOKUP(Tabel2[[#This Row],[P-nr]],'data Chauffeur'!A:F,4,FALSE) -> Bart Van Der Beken | J10: =VLOOKUP(Tabel2[[#This Row],[P-nr]],'data Chauffeur'!A:F,5,FALSE) -> BN24 | K10: ongevallen
C11: 45714 | D11: 37313 | E11: =VLOOKUP(Tabel2[[#This Row],[P-nr]],'data Chauffeur'!A:F,2,FALSE) -> Dedeci | F11: =VLOOKUP(Tabel2[[#This Row],[P-nr]],'data Chauffeur'!A:F,3,FALSE) -> Mecit | G11: =VLOOKUP(Tabel3[[#This Row],[P-nr]],'data Chauffeur'!A:F,6) -> Gent stad | H11: =VLOOKUP(Tabel2[[#This Row],[P-nr]],'data Chauffeur'!A:F,6,FALSE) -> Gent stad | I11: =VLOOKUP(Tabel2[[#This Row],[P-nr]],'data Chauffeur'!A:F,4,FALSE) -> Bart Van Der Beken | J11: =VLOOKUP(Tabel2[[#This Row],[P-nr]],'data Chauffeur'!A:F,5,FALSE) -> B09 | K11: ongevallen (7 op 1 jaar
C12: 45714 | D12: 34328 | E12: =VLOOKUP(Tabel2[[#This Row],[P-nr]],'data Chauffeur'!A:F,2,FALSE) -> Kerremans | F12: =VLOOKUP(Tabel2[[#This Row],[P-nr]],'data Chauffeur'!A:F,3,FALSE) -> Jürgen | G12: =VLOOKUP(Tabel3[[#This Row],[P-nr]],'data Chauffeur'!A:F,6) -> Gent stad | H12: =VLOOKUP(Tabel2[[#This Row],[P-nr]],'data Chauffeur'!A:F,6,FALSE) -> Gent stad | I12: =VLOOKUP(Tabel2[[#This Row],[P-nr]],'data Chauffeur'!A:F,4,FALSE) -> Kenneth De Rick | J12: =VLOOKUP(Tabel2[[#This Row],[P-nr]],'data Chauffeur'!A:F,5,FALSE) -> TN24 | K12: meer dan 5 ongevallen (6 ongevallen)
C13: 45715 | D13: 5718 | E13: =VLOOKUP(Tabel2[[#This Row],[P-nr]],'data Chauffeur'!A:F,2,FALSE) -> Dejonckheere | F13: =VLOOKUP(Tabel2[[#This Row],[P-nr]],'data Chauffeur'!A:F,3,FALSE) -> Inge | G13: =VLOOKUP(Tabel3[[#This Row],[P-nr]],'data Chauffeur'!A:F,6) -> Gent stad | H13: =VLOOKUP(Tabel2[[#This Row],[P-nr]],'data Chauffeur'!A:F,6,FALSE) -> Gent stad | I13: =VLOOKUP(Tabel2[[#This Row],[P-nr]],'data Chauffeur'!A:F,4,FALSE) -> Kenneth De Rick | J13: =VLOOKUP(Tabel2[[#This Row],[P-nr]],'data Chauffeur'!A:F,5,FALSE) -> M15 | K13: geen gebruik vrijloop, veel volle tractie en volle remming, niet aangenaam gevoel | L13: Tram
A14: ja | B14: ja | C14: 45959 | D14: 36543 | E14: =VLOOKUP(Tabel2[[#This Row],[P-nr]],'data Chauffeur'!A:F,2,FALSE) -> Babaian | F14: =VLOOKUP(Tabel2[[#This Row],[P-nr]],'data Chauffeur'!A:F,3,FALSE) -> Sammy | G14: =VLOOKUP(Tabel3[[#This Row],[P-nr]],'data Chauffeur'!A:F,6) -> Gent stad | H14: =VLOOKUP(Tabel2[[#This Row],[P-nr]],'data Chauffeur'!A:F,6,FALSE) -> Gent stad | I14: =VLOOKUP(Tabel2[[#This Row],[P-nr]],'data Chauffeur'!A:F,4,FALSE) -> Lucie Vande Velde | J14: =VLOOKUP(Tabel2[[#This Row],[P-nr]],'data Chauffeur'!A:F,5,FALSE) -> RESF | K14: rijstijl
C15: 45721 | D15: 38931 | E15: =VLOOKUP(Tabel2[[#This Row],[P-nr]],'data Chauffeur'!A:F,2,FALSE) -> Sancak | F15: =VLOOKUP(Tabel2[[#This Row],[P-nr]],'data Chauffeur'!A:F,3,FALSE) -> Eyuphan | G15: =VLOOKUP(Tabel3[[#This Row],[P-nr]],'data Chauffeur'!A:F,6) -> Gent stad | H15: =VLOOKUP(Tabel2[[#This Row],[P-nr]],'data Chauffeur'!A:F,6,FALSE) -> Gent stad | I15: =VLOOKUP(Tabel2[[#This Row],[P-nr]],'data Chauffeur'!A:F,4,FALSE) -> Bart Van Der Beken | J15: =VLOOKUP(Tabel2[[#This Row],[P-nr]],'data Chauffeur'!A:F,5,FALSE) -> RESF | K15: ongevallen
C16: 45721 | D16: 37600 | E16: =VLOOKUP(Tabel2[[#This Row],[P-nr]],'data Chauffeur'!A:F,2,FALSE) -> Smesman | F16: =VLOOKUP(Tabel2[[#This Row],[P-nr]],'data Chauffeur'!A:F,3,FALSE) -> Nico | G16: =VLOOKUP(Tabel3[[#This Row],[P-nr]],'data Chauffeur'!A:F,6) -> Gent stad | H16: =VLOOKUP(Tabel2[[#This Row],[P-nr]],'data Chauffeur'!A:F,6,FALSE) -> Gent stad | I16: =VLOOKUP(Tabel2[[#This Row],[P-nr]],'data Chauffeur'!A:F,4,FALSE) -> Lucie Vande Velde | J16: =VLOOKUP(Tabel2[[#This Row],[P-nr]],'data Chauffeur'!A:F,5,FALSE) -> BN24 | K16: ongevallen
C17: 45721 | D17: 39859 | E17: =VLOOKUP(Tabel2[[#This Row],[P-nr]],'data Chauffeur'!A:F,2,FALSE) -> Costers | F17: =VLOOKUP(Tabel2[[#This Row],[P-nr]],'data Chauffeur'!A:F,3,FALSE) -> Kelly | G17: =VLOOKUP(Tabel3[[#This Row],[P-nr]],'data Chauffeur'!A:F,6) -> #N/A | H17: =VLOOKUP(Tabel2[[#This Row],[P-nr]],'data Chauffeur'!A:F,6,FALSE) -> Gent stad | I17: =VLOOKUP(Tabel2[[#This Row],[P-nr]],'data Chauffeur'!A:F,4,FALSE) -> Bart Van Der Beken | J17: =VLOOKUP(Tabel2[[#This Row],[P-nr]],'data Chauffeur'!A:F,5,FALSE) -> RESF | K17: 6 aanrijdingen in 2024 | L17: Bus
C18: 45721 | D18: 35588 | E18: =VLOOKUP(Tabel2[[#This Row],[P-nr]],'data Chauffeur'!A:F,2,FALSE) -> Smesman | F18: =VLOOKUP(Tabel2[[#This Row],[P-nr]],'data Chauffeur'!A:F,3,FALSE) -> Glenn | G18: =VLOOKUP(Tabel3[[#This Row],[P-nr]],'data Chauffeur'!A:F,6) -> Gent stad | H18: =VLOOKUP(Tabel2[[#This Row],[P-nr]],'data Chauffeur'!A:F,6,FALSE) -> Gent stad | I18: =VLOOKUP(Tabel2[[#This Row],[P-nr]],'data Chauffeur'!A:F,4,FALSE) -> Lucie Vande Velde | J18: =VLOOKUP(Tabel2[[#This Row],[P-nr]],'data Chauffeur'!A:F,5,FALSE) -> B09 | L18: Bus/Tram
C19: 45721 | D19: 28737 | E19: =VLOOKUP(Tabel2[[#This Row],[P-nr]],'data Chauffeur'!A:F,2,FALSE) -> El-Mohamed | F19: =VLOOKUP(Tabel2[[#This Row],[P-nr]],'data Chauffeur'!A:F,3,FALSE) -> Mohamed | G19: =VLOOKUP(Tabel3[[#This Row],[P-nr]],'data Chauffeur'!A:F,6) -> Gent stad | H19: =VLOOKUP(Tabel2[[#This Row],[P-nr]],'data Chauffeur'!A:F,6,FALSE) -> Gent stad | I19: =VLOOKUP(Tabel2[[#This Row],[P-nr]],'data Chauffeur'!A:F,4,FALSE) -> Lucie Vande Velde | J19: =VLOOKUP(Tabel2[[#This Row],[P-nr]],'data Chauffeur'!A:F,5,FALSE) -> ML12 | K19: schadegevallen | L19: Bus/Tram
C20: 45721 | D20: 11866 | E20: =VLOOKUP(Tabel2[[#This Row],[P-nr]],'data Chauffeur'!A:F,2,FALSE) -> Bolle | F20: =VLOOKUP(Tabel2[[#This Row],[P-nr]],'data Chauffeur'!A:F,3,FALSE) -> Pascal | G20: =VLOOKUP(Tabel3[[#This Row],[P-nr]],'data Chauffeur'!A:F,6) -> Gent stad | H20: =VLOOKUP(Tabel2[[#This Row],[P-nr]],'data Chauffeur'!A:F,6,FALSE) -> Gent stad | I20: =VLOOKUP(Tabel2[[#This Row],[P-nr]],'data Chauffeur'!A:F,4,FALSE) -> Lucie Vande Velde | J20: =VLOOKUP(Tabel2[[#This Row],[P-nr]],'data Chauffeur'!A:F,5,FALSE) -> TD12 | L20: Tram
C21: 45729 | D21: 9065 | E21: =VLOOKUP(Tabel2[[#This Row],[P-nr]],'data Chauffeur'!A:F,2,FALSE) -> Dewispelaere | F21: =VLOOKUP(Tabel2[[#This Row],[P-nr]],'data Chauffeur'!A:F,3,FALSE) -> Danny | G21: =VLOOKUP(Tabel3[[#This Row],[P-nr]],'data Chauffeur'!A:F,6) -> Gent stad | H21: =VLOOKUP(Tabel2[[#This Row],[P-nr]],'data Chauffeur'!A:F,6,FALSE) -> Gent stad | I21: =VLOOKUP(Tabel2[[#This Row],[P-nr]],'data Chauffeur'!A:F,4,FALSE) -> Els Vanhoe | J21: =VLOOKUP(Tabel2[[#This Row],[P-nr]],'data Chauffeur'!A:F,5,FALSE) -> TV12 | K21: algemene rijstijl/ klantvriendelijkheid | L21: Tram
C22: 45736 | D22: 39532 | E22: =VLOOKUP(Tabel2[[#This Row],[P-nr]],'data Chauffeur'!A:F,2,FALSE) -> Sahin | F22: =VLOOKUP(Tabel2[[#This Row],[P-nr]],'data Chauffeur'!A:F,3,FALSE) -> Orhan | G22: =VLOOKUP(Tabel3[[#This Row],[P-nr]],'data Chauffeur'!A:F,6) -> Gent stad | H22: =VLOOKUP(Tabel2[[#This Row],[P-nr]],'data Chauffeur'!A:F,6,FALSE) -> Gent stad | I22: =VLOOKUP(Tabel2[[#This Row],[P-nr]],'data Chauffeur'!A:F,4,FALSE) -> Christoff Rotty | J22: =VLOOKUP(Tabel2[[#This Row],[P-nr]],'data Chauffeur'!A:F,5,FALSE) -> RESF | K22: ongevallen
C23: 45736 | D23: 37509 | E23: =VLOOKUP(Tabel2[[#This Row],[P-nr]],'data Chauffeur'!A:F,2,FALSE) -> Abdulkader | F23: =VLOOKUP(Tabel2[[#This Row],[P-nr]],'data Chauffeur'!A:F,3,FALSE) -> Sabah | G23: =VLOOKUP(Tabel3[[#This Row],[P-nr]],'data Chauffeur'!A:F,6) -> Gent stad | H23: =VLOOKUP(Tabel2[[#This Row],[P-nr]],'data Chauffeur'!A:F,6,FALSE) -> Gent stad | I23: =VLOOKUP(Tabel2[[#This Row],[P-nr]],'data Chauffeur'!A:F,4,FALSE) -> Bart Van Der Beken | J23: =VLOOKUP(Tabel2[[#This Row],[P-nr]],'data Chauffeur'!A:F,5,FALSE) -> MN24 | K23: ongevallen
C24: 45994 | D24: 27711 | E24: =VLOOKUP(Tabel2[[#This Row],[P-nr]],'data Chauffeur'!A:F,2,FALSE) -> De Schenkel | F24: =VLOOKUP(Tabel2[[#This Row],[P-nr]],'data Chauffeur'!A:F,3,FALSE) -> David | G24: =VLOOKUP(Tabel3[[#This Row],[P-nr]],'data Chauffeur'!A:F,6) -> Gent stad | H24: =VLOOKUP(Tabel2[[#This Row],[P-nr]],'data Chauffeur'!A:F,6,FALSE) -> Gent stad | I24: =VLOOKUP(Tabel2[[#This Row],[P-nr]],'data Chauffeur'!A:F,4,FALSE) -> Christoff Rotty | J24: =VLOOKUP(Tabel2[[#This Row],[P-nr]],'data Chauffeur'!A:F,5,FALSE) -> TR15 | K24: slechte eco score optrekken/afremmen | L24: Bus/Tram
C25: 45736 | D25: 25487 | E25: =VLOOKUP(Tabel2[[#This Row],[P-nr]],'data Chauffeur'!A:F,2,FALSE) -> Devos | F25: =VLOOKUP(Tabel2[[#This Row],[P-nr]],'data Chauffeur'!A:F,3,FALSE) -> Stefaan | G25: =VLOOKUP(Tabel3[[#This Row],[P-nr]],'data Chauffeur'!A:F,6) -> Gent stad | H25: =VLOOKUP(Tabel2[[#This Row],[P-nr]],'data Chauffeur'!A:F,6,FALSE) -> Gent stad | I25: =VLOOKUP(Tabel2[[#This Row],[P-nr]],'data Chauffeur'!A:F,4,FALSE) -> Steven Storm | J25: =VLOOKUP(Tabel2[[#This Row],[P-nr]],'data Chauffeur'!A:F,5,FALSE) -> TL12 | K25: negatieve klantreactie. Kan opgevraagd worden bij teamcoach | L25: Bus/Tram
C26: 45743 | D26: 32951 | E26: =VLOOKUP(Tabel2[[#This Row],[P-nr]],'data Chauffeur'!A:F,2,FALSE) -> De Bruyne | F26: =VLOOKUP(Tabel2[[#This Row],[P-nr]],'data Chauffeur'!A:F,3,FALSE) -> Sonia | G26: =VLOOKUP(Tabel3[[#This Row],[P-nr]],'data Chauffeur'!A:F,6) -> Gent stad | H26: =VLOOKUP(Tabel2[[#This Row],[P-nr]],'data Chauffeur'!A:F,6,FALSE) -> Gent stad | I26: =VLOOKUP(Tabel2[[#This Row],[P-nr]],'data Chauffeur'!A:F,4,FALSE) -> Lucie Vande Velde | J26: =VLOOKUP(Tabel2[[#This Row],[P-nr]],'data Chauffeur'!A:F,5,FALSE) -> B24 | K26: snelheid
B27: ja | C27: 45744 | D27: 36289 | E27: =VLOOKUP(Tabel2[[#This Row],[P-nr]],'data Chauffeur'!A:F,2,FALSE) -> Van Rentergem | F27: =VLOOKUP(Tabel2[[#This Row],[P-nr]],'data Chauffeur'!A:F,3,FALSE) -> Steve | G27: =VLOOKUP(Tabel3[[#This Row],[P-nr]],'data Chauffeur'!A:F,6) -> Gent stad | H27: =VLOOKUP(Tabel2[[#This Row],[P-nr]],'data Chauffeur'!A:F,6,FALSE) -> Gent stad | I27: =VLOOKUP(Tabel2[[#This Row],[P-nr]],'data Chauffeur'!A:F,4,FALSE) -> Els Vanhoe | J27: =VLOOKUP(Tabel2[[#This Row],[P-nr]],'data Chauffeur'!A:F,5,FALSE) -> MN24 | K27: algemene rijstijl
C28: 45772 | D28: 35645 | E28: =VLOOKUP(Tabel2[[#This Row],[P-nr]],'data Chauffeur'!A:F,2,FALSE) -> Jalili | F28: =VLOOKUP(Tabel2[[#This Row],[P-nr]],'data Chauffeur'!A:F,3,FALSE) -> Yaseeb | G28: =VLOOKUP(Tabel3[[#This Row],[P-nr]],'data Chauffeur'!A:F,6) -> Gent stad | H28: =VLOOKUP(Tabel2[[#This Row],[P-nr]],'data Chauffeur'!A:F,6,FALSE) -> Gent stad | I28: =VLOOKUP(Tabel2[[#This Row],[P-nr]],'data Chauffeur'!A:F,4,FALSE) -> Steven Storm | J28: =VLOOKUP(Tabel2[[#This Row],[P-nr]],'data Chauffeur'!A:F,5,FALSE) -> BN24 | K28: ongevallen
A29: ja | B29: ja | C29: 45792 | D29: 30967 | E29: =VLOOKUP(Tabel2[[#This Row],[P-nr]],'data Chauffeur'!A:F,2,FALSE) -> Taser | F29: =VLOOKUP(Tabel2[[#This Row],[P-nr]],'data Chauffeur'!A:F,3,FALSE) -> Fatih | G29: =VLOOKUP(Tabel3[[#This Row],[P-nr]],'data Chauffeur'!A:F,6) -> Gent stad | H29: =VLOOKUP(Tabel2[[#This Row],[P-nr]],'data Chauffeur'!A:F,6,FALSE) -> Gent stad | I29: =VLOOKUP(Tabel2[[#This Row],[P-nr]],'data Chauffeur'!A:F,4,FALSE) -> Dominique De Clercq | J29: =VLOOKUP(Tabel2[[#This Row],[P-nr]],'data Chauffeur'!A:F,5,FALSE) -> BD12 | K29: ongevallen/ rijstijl | L29: Bus/Tram
A30: ja | C30: 45796 | D30: 19917 | E30: =VLOOKUP(Tabel2[[#This Row],[P-nr]],'data Chauffeur'!A:F,2,FALSE) -> Vandevyvere | F30: =VLOOKUP(Tabel2[[#This Row],[P-nr]],'data Chauffeur'!A:F,3,FALSE) -> Frank | G30: =VLOOKUP(Tabel3[[#This Row],[P-nr]],'data Chauffeur'!A:F,6) -> Gent stad | H30: =VLOOKUP(Tabel2[[#This Row],[P-nr]],'data Chauffeur'!A:F,6,FALSE) -> Gent stad | I30: =VLOOKUP(Tabel2[[#This Row],[P-nr]],'data Chauffeur'!A:F,4,FALSE) -> Bart Van Der Beken | J30: =VLOOKUP(Tabel2[[#This Row],[P-nr]],'data Chauffeur'!A:F,5,FALSE) -> GW09 | K30: hercoaching | L30: Bus
C31: 45813 | D31: 41032 | E31: =VLOOKUP(Tabel2[[#This Row],[P-nr]],'data Chauffeur'!A:F,2,FALSE) -> Rocabado Hinojosa | F31: =VLOOKUP(Tabel2[[#This Row],[P-nr]],'data Chauffeur'!A:F,3,FALSE) -> Lukas | G31: =VLOOKUP(Tabel3[[#This Row],[P-nr]],'data Chauffeur'!A:F,6) -> Gent stad | H31: =VLOOKUP(Tabel2[[#This Row],[P-nr]],'data Chauffeur'!A:F,6,FALSE) -> Gent stad | I31: =VLOOKUP(Tabel2[[#This Row],[P-nr]],'data Chauffeur'!A:F,4,FALSE) -> Els Vanhoe | J31: =VLOOKUP(Tabel2[[#This Row],[P-nr]],'data Chauffeur'!A:F,5,FALSE) -> RESF | K31: ongevallen
C32: 45840 | D32: 38648 | E32: =VLOOKUP(Tabel2[[#This Row],[P-nr]],'data Chauffeur'!A:F,2,FALSE) -> Uckuyulu | F32: =VLOOKUP(Tabel2[[#This Row],[P-nr]],'data Chauffeur'!A:F,3,FALSE) -> Muhammet Emin | G32: =VLOOKUP(Tabel3[[#This Row],[P-nr]],'data Chauffeur'!A:F,6) -> Gent stad | H32: =VLOOKUP(Tabel2[[#This Row],[P-nr]],'data Chauffeur'!A:F,6,FALSE) -> Gent stad | I32: =VLOOKUP(Tabel2[[#This Row],[P-nr]],'data Chauffeur'!A:F,4,FALSE) -> Lucie Vande Velde | J32: =VLOOKUP(Tabel2[[#This Row],[P-nr]],'data Chauffeur'!A:F,5,FALSE) -> RESF | K32: schadegevallen
C33: 45849 | D33: 40362 | E33: =VLOOKUP(Tabel2[[#This Row],[P-nr]],'data Chauffeur'!A:F,2,FALSE) -> Kuru | F33: =VLOOKUP(Tabel2[[#This Row],[P-nr]],'data Chauffeur'!A:F,3,FALSE) -> Cetin | G33: =VLOOKUP(Tabel3[[#This Row],[P-nr]],'data Chauffeur'!A:F,6) -> Gent stad | H33: =VLOOKUP(Tabel2[[#This Row],[P-nr]],'data Chauffeur'!A:F,6,FALSE) -> Gent stad | I33: =VLOOKUP(Tabel2[[#This Row],[P-nr]],'data Chauffeur'!A:F,4,FALSE) -> Kenneth De Rick | J33: =VLOOKUP(Tabel2[[#This Row],[P-nr]],'data Chauffeur'!A:F,5,FALSE) -> BO15 | K33: schadegevallen
C34: 45853 | D34: 35246 | E34: =VLOOKUP(Tabel2[[#This Row],[P-nr]],'data Chauffeur'!A:F,2,FALSE) -> De Meyer | F34: =VLOOKUP(Tabel2[[#This Row],[P-nr]],'data Chauffeur'!A:F,3,FALSE) -> Karel | G34: =VLOOKUP(Tabel3[[#This Row],[P-nr]],'data Chauffeur'!A:F,6) -> Gent stad | H34: =VLOOKUP(Tabel2[[#This Row],[P-nr]],'data Chauffeur'!A:F,6,FALSE) -> Gent stad | I34: =VLOOKUP(Tabel2[[#This Row],[P-nr]],'data Chauffeur'!A:F,4,FALSE) -> Els Vanhoe | J34: =VLOOKUP(Tabel2[[#This Row],[P-nr]],'data Chauffeur'!A:F,5,FALSE) -> BN24 | K34: algemene rijstijl | L34: Bus
C35: 45868 | D35: 12684 | E35: =VLOOKUP(Tabel2[[#This Row],[P-nr]],'data Chauffeur'!A:F,2,FALSE) -> Van Den Bossche | F35: =VLOOKUP(Tabel2[[#This Row],[P-nr]],'data Chauffeur'!A:F,3,FALSE) -> Martine | G35: =VLOOKUP(Tabel3[[#This Row],[P-nr]],'data Chauffeur'!A:F,6) -> Gent stad | H35: Gent Stad | I35: =VLOOKUP(Tabel2[[#This Row],[P-nr]],'data Chauffeur'!A:F,4,FALSE) -> Els Vanhoe | J35: =VLOOKUP(Tabel2[[#This Row],[P-nr]],'data Chauffeur'!A:F,5,FALSE) -> G09 | K35: schadegevallen
C36: 45883 | D36: 39929 | E36: =VLOOKUP(Tabel2[[#This Row],[P-nr]],'data Chauffeur'!A:F,2,FALSE) -> Staneva | F36: =VLOOKUP(Tabel2[[#This Row],[P-nr]],'data Chauffeur'!A:F,3,FALSE) -> Mariyana | G36: =VLOOKUP(Tabel3[[#This Row],[P-nr]],'data Chauffeur'!A:F,6) -> Gent stad | H36: Gent Stad | I36: =VLOOKUP(Tabel2[[#This Row],[P-nr]],'data Chauffeur'!A:F,4,FALSE) -> Christoff Rotty | J36: =VLOOKUP(Tabel2[[#This Row],[P-nr]],'data Chauffeur'!A:F,5,FALSE) -> RESF | K36: schadegevallen
C37: 45898 | D37: 21424 | E37: =VLOOKUP(Tabel2[[#This Row],[P-nr]],'data Chauffeur'!A:F,2,FALSE) -> Verstichel | F37: =VLOOKUP(Tabel2[[#This Row],[P-nr]],'data Chauffeur'!A:F,3,FALSE) -> Jethro | G37: =VLOOKUP(Tabel3[[#This Row],[P-nr]],'data Chauffeur'!A:F,6) -> Gent stad | H37: Gent Stad | I37: =VLOOKUP(Tabel2[[#This Row],[P-nr]],'data Chauffeur'!A:F,4,FALSE) -> Els Dewulf | J37: =VLOOKUP(Tabel2[[#This Row],[P-nr]],'data Chauffeur'!A:F,5,FALSE) -> MV12 | K37: schadegevallen
C38: 45898 | D38: 36627 | E38: =VLOOKUP(Tabel2[[#This Row],[P-nr]],'data Chauffeur'!A:F,2,FALSE) -> Dobbelaere | F38: =VLOOKUP(Tabel2[[#This Row],[P-nr]],'data Chauffeur'!A:F,3,FALSE) -> David | G38: =VLOOKUP(Tabel3[[#This Row],[P-nr]],'data Chauffeur'!A:F,6) -> #N/A | H38: Gent Stad | I38: =VLOOKUP(Tabel2[[#This Row],[P-nr]],'data Chauffeur'!A:F,4,FALSE) -> Els Dewulf | J38: =VLOOKUP(Tabel2[[#This Row],[P-nr]],'data Chauffeur'!A:F,5,FALSE) -> B24 | K38: schadegevallen
C39: 45898 | D39: 38475 | E39: =VLOOKUP(Tabel2[[#This Row],[P-nr]],'data Chauffeur'!A:F,2,FALSE) -> Verschraegen | F39: =VLOOKUP(Tabel2[[#This Row],[P-nr]],'data Chauffeur'!A:F,3,FALSE) -> Katleen | G39: =VLOOKUP(Tabel3[[#This Row],[P-nr]],'data Chauffeur'!A:F,6) -> Gent stad | H39: Gent Stad | I39: =VLOOKUP(Tabel2[[#This Row],[P-nr]],'data Chauffeur'!A:F,4,FALSE) -> Els Dewulf | J39: =VLOOKUP(Tabel2[[#This Row],[P-nr]],'data Chauffeur'!A:F,5,FALSE) -> BR15 | K39: schadegevallen
C40: 45898 | D40: 40856 | E40: =VLOOKUP(Tabel2[[#This Row],[P-nr]],'data Chauffeur'!A:F,2,FALSE) -> Neissi | F40: =VLOOKUP(Tabel2[[#This Row],[P-nr]],'data Chauffeur'!A:F,3,FALSE) -> Sadegh | G40: =VLOOKUP(Tabel3[[#This Row],[P-nr]],'data Chauffeur'!A:F,6) -> Gent stad | H40: Gent Stad | I40: =VLOOKUP(Tabel2[[#This Row],[P-nr]],'data Chauffeur'!A:F,4,FALSE) -> Kenneth De Rick | J40: =VLOOKUP(Tabel2[[#This Row],[P-nr]],'data Chauffeur'!A:F,5,FALSE) -> RESF | K40: schadegevallen
C41: 45898 | D41: 39651 | E41: =VLOOKUP(Tabel2[[#This Row],[P-nr]],'data Chauffeur'!A:F,2,FALSE) -> Kallenbach | F41: =VLOOKUP(Tabel2[[#This Row],[P-nr]],'data Chauffeur'!A:F,3,FALSE) -> Sunny | G41: =VLOOKUP(Tabel3[[#This Row],[P-nr]],'data Chauffeur'!A:F,6) -> Gent stad | H41: Gent Stad | I41: =VLOOKUP(Tabel2[[#This Row],[P-nr]],'data Chauffeur'!A:F,4,FALSE) -> Kenneth De Rick | J41: =VLOOKUP(Tabel2[[#This Row],[P-nr]],'data Chauffeur'!A:F,5,FALSE) -> RESF | K41: schadegevallen
C42: 45898 | D42: 23918 | E42: =VLOOKUP(Tabel2[[#This Row],[P-nr]],'data Chauffeur'!A:F,2,FALSE) -> D'Haeyere | F42: =VLOOKUP(Tabel2[[#This Row],[P-nr]],'data Chauffeur'!A:F,3,FALSE) -> Bernard | G42: =VLOOKUP(Tabel3[[#This Row],[P-nr]],'data Chauffeur'!A:F,6) -> Gent stad | H42: Gent Stad | I42: =VLOOKUP(Tabel2[[#This Row],[P-nr]],'data Chauffeur'!A:F,4,FALSE) -> Els Vanhoe | J42: =VLOOKUP(Tabel2[[#This Row],[P-nr]],'data Chauffeur'!A:F,5,FALSE) -> SW05 | K42: schadegevallen
C43: 45898 | D43: 41619 | E43: =VLOOKUP(Tabel2[[#This Row],[P-nr]],'data Chauffeur'!A:F,2,FALSE) -> Bachiri | F43: =VLOOKUP(Tabel2[[#This Row],[P-nr]],'data Chauffeur'!A:F,3,FALSE) -> Ousama | G43: =VLOOKUP(Tabel3[[#This Row],[P-nr]],'data Chauffeur'!A:F,6) -> Gent stad | H43: Gent Stad | I43: =VLOOKUP(Tabel2[[#This Row],[P-nr]],'data Chauffeur'!A:F,4,FALSE) -> Bart Van Der Beken | J43: =VLOOKUP(Tabel2[[#This Row],[P-nr]],'data Chauffeur'!A:F,5,FALSE) -> RESF | K43: schadegevallen
C44: 45898 | D44: 35397 | E44: =VLOOKUP(Tabel2[[#This Row],[P-nr]],'data Chauffeur'!A:F,2,FALSE) -> Minbari | F44: =VLOOKUP(Tabel2[[#This Row],[P-nr]],'data Chauffeur'!A:F,3,FALSE) -> Ako | G44: =VLOOKUP(Tabel3[[#This Row],[P-nr]],'data Chauffeur'!A:F,6) -> Gent stad | H44: Gent Stad | I44: =VLOOKUP(Tabel2[[#This Row],[P-nr]],'data Chauffeur'!A:F,4,FALSE) -> Lucie Vande Velde | J44: =VLOOKUP(Tabel2[[#This Row],[P-nr]],'data Chauffeur'!A:F,5,FALSE) -> MN24 | K44: schadegevallen
C45: 45898 | D45: 15412 | E45: =VLOOKUP(Tabel2[[#This Row],[P-nr]],'data Chauffeur'!A:F,2,FALSE) -> Dhondt | F45: =VLOOKUP(Tabel2[[#This Row],[P-nr]],'data Chauffeur'!A:F,3,FALSE) -> Frank | G45: =VLOOKUP(Tabel3[[#This Row],[P-nr]],'data Chauffeur'!A:F,6) -> Gent stad | H45: Gent Stad | I45: =VLOOKUP(Tabel2[[#This Row],[P-nr]],'data Chauffeur'!A:F,4,FALSE) -> Bart Van Der Beken | J45: =VLOOKUP(Tabel2[[#This Row],[P-nr]],'data Chauffeur'!A:F,5,FALSE) -> G09 | K45: schadegevallen
C46: 45903 | D46: 39831 | E46: =VLOOKUP(Tabel2[[#This Row],[P-nr]],'data Chauffeur'!A:F,2,FALSE) -> Dolgiev | F46: =VLOOKUP(Tabel2[[#This Row],[P-nr]],'data Chauffeur'!A:F,3,FALSE) -> Mukhamed | G46: =VLOOKUP(Tabel3[[#This Row],[P-nr]],'data Chauffeur'!A:F,6) -> #N/A | H46: Gent Stad | I46: =VLOOKUP(Tabel2[[#This Row],[P-nr]],'data Chauffeur'!A:F,4,FALSE) -> Els Dewulf | J46: =VLOOKUP(Tabel2[[#This Row],[P-nr]],'data Chauffeur'!A:F,5,FALSE) -> RESF | K46: Planner meegereden en zeer oncomfortabele rit. Zijn eco-score verraadt zijn rijgedrag, remmingen barslecht. | L46: Bus
A47: ja | C47: 45910 | D47: 16895 | E47: =VLOOKUP(Tabel2[[#This Row],[P-nr]],'data Chauffeur'!A:F,2,FALSE) -> Van Lauwe | F47: =VLOOKUP(Tabel2[[#This Row],[P-nr]],'data Chauffeur'!A:F,3,FALSE) -> Freddy | G47: =VLOOKUP(Tabel3[[#This Row],[P-nr]],'data Chauffeur'!A:F,6) -> Gent stad | H47: Gent Stad | I47: =VLOOKUP(Tabel2[[#This Row],[P-nr]],'data Chauffeur'!A:F,4,FALSE) -> Bart Van Der Beken | J47: =VLOOKUP(Tabel2[[#This Row],[P-nr]],'data Chauffeur'!A:F,5,FALSE) -> TW24 | K47: door onveilig signaal, rijstijl, schade bij doorsteken, wissel negeren, agressief | L47: Tram
C48: 45917 | D48: 21509 | E48: =VLOOKUP(Tabel2[[#This Row],[P-nr]],'data Chauffeur'!A:F,2,FALSE) -> De Craemer | F48: =VLOOKUP(Tabel2[[#This Row],[P-nr]],'data Chauffeur'!A:F,3,FALSE) -> Kris | G48: =VLOOKUP(Tabel3[[#This Row],[P-nr]],'data Chauffeur'!A:F,6) -> #N/A | H48: Gent Stad | I48: =VLOOKUP(Tabel2[[#This Row],[P-nr]],'data Chauffeur'!A:F,4,FALSE) -> Dominique De Clercq | J48: =VLOOKUP(Tabel2[[#This Row],[P-nr]],'data Chauffeur'!A:F,5,FALSE) -> TL12 | K48: schadegevallen
C49: 45917 | D49: 41384 | E49: =VLOOKUP(Tabel2[[#This Row],[P-nr]],'data Chauffeur'!A:F,2,FALSE) -> Hillaert | F49: =VLOOKUP(Tabel2[[#This Row],[P-nr]],'data Chauffeur'!A:F,3,FALSE) -> Thimo | G49: =VLOOKUP(Tabel3[[#This Row],[P-nr]],'data Chauffeur'!A:F,6) -> #N/A | H49: Gent Stad | I49: =VLOOKUP(Tabel2[[#This Row],[P-nr]],'data Chauffeur'!A:F,4,FALSE) -> Christoff Rotty | J49: =VLOOKUP(Tabel2[[#This Row],[P-nr]],'data Chauffeur'!A:F,5,FALSE) -> RESF | K49: schadegevallen
C50: 45941 | D50: 41064 | E50: =VLOOKUP(Tabel2[[#This Row],[P-nr]],'data Chauffeur'!A:F,2,FALSE) -> Ardic | F50: =VLOOKUP(Tabel2[[#This Row],[P-nr]],'data Chauffeur'!A:F,3,FALSE) -> Atilla | G50: =VLOOKUP(Tabel3[[#This Row],[P-nr]],'data Chauffeur'!A:F,6) -> Gent stad | H50: =VLOOKUP(Tabel2[[#This Row],[P-nr]],'data Chauffeur'!A:F,6,FALSE) -> Gent stad | I50: =VLOOKUP(Tabel2[[#This Row],[P-nr]],'data Chauffeur'!A:F,4,FALSE) -> Dominique De Clercq | J50: =VLOOKUP(Tabel2[[#This Row],[P-nr]],'data Chauffeur'!A:F,5,FALSE) -> RESF | K50: schadegevallen/ hercoaching
C51: 45945 | D51: 40744 | E51: =VLOOKUP(Tabel2[[#This Row],[P-nr]],'data Chauffeur'!A:F,2,FALSE) -> Gözüküçük | F51: =VLOOKUP(Tabel2[[#This Row],[P-nr]],'data Chauffeur'!A:F,3,FALSE) -> Ugur | G51: =VLOOKUP(Tabel3[[#This Row],[P-nr]],'data Chauffeur'!A:F,6) -> Gent stad | H51: Gent Stad | I51: =VLOOKUP(Tabel2[[#This Row],[P-nr]],'data Chauffeur'!A:F,4,FALSE) -> Bart Van Der Beken | J51: =VLOOKUP(Tabel2[[#This Row],[P-nr]],'data Chauffeur'!A:F,5,FALSE) -> RESF | K51: schadegevallen
C52: 45950 | D52: 26524 | E52: =VLOOKUP(Tabel2[[#This Row],[P-nr]],'data Chauffeur'!A:F,2,FALSE) -> Bolle | F52: =VLOOKUP(Tabel2[[#This Row],[P-nr]],'data Chauffeur'!A:F,3,FALSE) -> Cynthia | G52: =VLOOKUP(Tabel3[[#This Row],[P-nr]],'data Chauffeur'!A:F,6) -> #N/A | H52: Gent Stad | I52: =VLOOKUP(Tabel2[[#This Row],[P-nr]],'data Chauffeur'!A:F,4,FALSE) -> Els Vanhoe | J52: =VLOOKUP(Tabel2[[#This Row],[P-nr]],'data Chauffeur'!A:F,5,FALSE) -> RESV | K52: rijstijl | L52: Tram
C53: 45966 | D53: 28910 | E53: =VLOOKUP(Tabel2[[#This Row],[P-nr]],'data Chauffeur'!A:F,2,FALSE) -> Gassa | F53: =VLOOKUP(Tabel2[[#This Row],[P-nr]],'data Chauffeur'!A:F,3,FALSE) -> Osmane | G53: =VLOOKUP(Tabel3[[#This Row],[P-nr]],'data Chauffeur'!A:F,6) -> Gent stad | H53: Gent Stad | I53: =VLOOKUP(Tabel2[[#This Row],[P-nr]],'data Chauffeur'!A:F,4,FALSE) -> Bart Van Der Beken | J53: =VLOOKUP(Tabel2[[#This Row],[P-nr]],'data Chauffeur'!A:F,5,FALSE) -> BD12 | K53: schade
C54: 45966 | D54: 32611 | E54: =VLOOKUP(Tabel2[[#This Row],[P-nr]],'data Chauffeur'!A:F,2,FALSE) -> Özer | F54: =VLOOKUP(Tabel2[[#This Row],[P-nr]],'data Chauffeur'!A:F,3,FALSE) -> Özgur | G54: =VLOOKUP(Tabel3[[#This Row],[P-nr]],'data Chauffeur'!A:F,6) -> Gent stad | H54: Gent Stad | I54: =VLOOKUP(Tabel2[[#This Row],[P-nr]],'data Chauffeur'!A:F,4,FALSE) -> Kenneth De Rick | J54: =VLOOKUP(Tabel2[[#This Row],[P-nr]],'data Chauffeur'!A:F,5,FALSE) -> ML12 | K54: schade
C55: 45966 | D55: 37345 | E55: =VLOOKUP(Tabel2[[#This Row],[P-nr]],'data Chauffeur'!A:F,2,FALSE) -> Walleyn | F55: =VLOOKUP(Tabel2[[#This Row],[P-nr]],'data Chauffeur'!A:F,3,FALSE) -> Renaat | G55: =VLOOKUP(Tabel3[[#This Row],[P-nr]],'data Chauffeur'!A:F,6) -> Gent stad | H55: Gent Stad | I55: =VLOOKUP(Tabel2[[#This Row],[P-nr]],'data Chauffeur'!A:F,4,FALSE) -> Lucie Vande Velde | J55: =VLOOKUP(Tabel2[[#This Row],[P-nr]],'data Chauffeur'!A:F,5,FALSE) -> RESF | K55: schade
C56: 45966 | D56: 39856 | E56: =VLOOKUP(Tabel2[[#This Row],[P-nr]],'data Chauffeur'!A:F,2,FALSE) -> Curukcu | F56: =VLOOKUP(Tabel2[[#This Row],[P-nr]],'data Chauffeur'!A:F,3,FALSE) -> Bayram | G56: =VLOOKUP(Tabel3[[#This Row],[P-nr]],'data Chauffeur'!A:F,6) -> Gent stad | H56: Gent Stad | I56: =VLOOKUP(Tabel2[[#This Row],[P-nr]],'data Chauffeur'!A:F,4,FALSE) -> Kenneth De Rick | J56: =VLOOKUP(Tabel2[[#This Row],[P-nr]],'data Chauffeur'!A:F,5,FALSE) -> RESF | K56: schade
C57: 45966 | D57: 41482 | E57: =VLOOKUP(Tabel2[[#This Row],[P-nr]],'data Chauffeur'!A:F,2,FALSE) -> Özdemir | F57: =VLOOKUP(Tabel2[[#This Row],[P-nr]],'data Chauffeur'!A:F,3,FALSE) -> Osman | G57: =VLOOKUP(Tabel3[[#This Row],[P-nr]],'data Chauffeur'!A:F,6) -> Gent stad | H57: Gent Stad | I57: =VLOOKUP(Tabel2[[#This Row],[P-nr]],'data Chauffeur'!A:F,4,FALSE) -> Bart Van Der Beken | J57: =VLOOKUP(Tabel2[[#This Row],[P-nr]],'data Chauffeur'!A:F,5,FALSE) -> RESF | K57: schade
C58: 46001 | D58: 36438 | E58: =VLOOKUP(Tabel2[[#This Row],[P-nr]],'data Chauffeur'!A:F,2,FALSE) -> Agil | F58: =VLOOKUP(Tabel2[[#This Row],[P-nr]],'data Chauffeur'!A:F,3,FALSE) -> Birol | G58: =VLOOKUP(Tabel3[[#This Row],[P-nr]],'data Chauffeur'!A:F,6) -> #N/A | H58: Gent Stad | I58: =VLOOKUP(Tabel2[[#This Row],[P-nr]],'data Chauffeur'!A:F,4,FALSE) -> Bart Van Der Beken | J58: =VLOOKUP(Tabel2[[#This Row],[P-nr]],'data Chauffeur'!A:F,5,FALSE) -> MW12 | K58: schade
C59: 46000 | D59: 19691 | E59: =VLOOKUP(Tabel2[[#This Row],[P-nr]],'data Chauffeur'!A:F,2,FALSE) -> Akhayad | F59: =VLOOKUP(Tabel2[[#This Row],[P-nr]],'data Chauffeur'!A:F,3,FALSE) -> Ahmed | G59: =VLOOKUP(Tabel3[[#This Row],[P-nr]],'data Chauffeur'!A:F,6) -> Gent stad | H59: Gent Stad | I59: =VLOOKUP(Tabel2[[#This Row],[P-nr]],'data Chauffeur'!A:F,4,FALSE) -> Els Vanhoe | J59: =VLOOKUP(Tabel2[[#This Row],[P-nr]],'data Chauffeur'!A:F,5,FALSE) -> G09
D60: 40591 | E60: =VLOOKUP(Tabel2[[#This Row],[P-nr]],'data Chauffeur'!A:F,2,FALSE) -> Hiloui | F60: =VLOOKUP(Tabel2[[#This Row],[P-nr]],'data Chauffeur'!A:F,3,FALSE) -> Mahmoud | G60: =VLOOKUP(Tabel3[[#This Row],[P-nr]],'data Chauffeur'!A:F,6) -> Gent stad | H60: Gent Stad | I60: =VLOOKUP(Tabel2[[#This Row],[P-nr]],'data Chauffeur'!A:F,4,FALSE) -> Dominique De Clercq | J60: =VLOOKUP(Tabel2[[#This Row],[P-nr]],'data Chauffeur'!A:F,5,FALSE) -> RESF | L60: Bus
C61: 46013 | D61: 15220 | E61: =VLOOKUP(Tabel2[[#This Row],[P-nr]],'data Chauffeur'!A:F,2,FALSE) -> Dejonghe | F61: =VLOOKUP(Tabel2[[#This Row],[P-nr]],'data Chauffeur'!A:F,3,FALSE) -> Katleen | G61: =VLOOKUP(Tabel3[[#This Row],[P-nr]],'data Chauffeur'!A:F,6) -> Gent stad | H61: Gent Stad | I61: =VLOOKUP(Tabel2[[#This Row],[P-nr]],'data Chauffeur'!A:F,4,FALSE) -> Dominique De Clercq | J61: =VLOOKUP(Tabel2[[#This Row],[P-nr]],'data Chauffeur'!A:F,5,FALSE) -> TD12 | K61: hercoaching nodig !
C62: 46014 | D62: 38633 | E62: =VLOOKUP(Tabel2[[#This Row],[P-nr]],'data Chauffeur'!A:F,2,FALSE) -> Stomphorst | F62: =VLOOKUP(Tabel2[[#This Row],[P-nr]],'data Chauffeur'!A:F,3,FALSE) -> Mattanja | G62: =VLOOKUP(Tabel3[[#This Row],[P-nr]],'data Chauffeur'!A:F,6) -> Gent stad | H62: Gent Stad | I62: =VLOOKUP(Tabel2[[#This Row],[P-nr]],'data Chauffeur'!A:F,4,FALSE) -> Els Dewulf | J62: =VLOOKUP(Tabel2[[#This Row],[P-nr]],'data Chauffeur'!A:F,5,FALSE) -> RESF | K62: schade
E63: =VLOOKUP(Tabel2[[#This Row],[P-nr]],'data Chauffeur'!A:F,2,FALSE) -> #N/A | F63: =VLOOKUP(Tabel2[[#This Row],[P-nr]],'data Chauffeur'!A:F,3,FALSE) -> #N/A | G63: =VLOOKUP(Tabel3[[#This Row],[P-nr]],'data Chauffeur'!A:F,6) -> Gent stad | H63: Gent Stad | I63: =VLOOKUP(Tabel2[[#This Row],[P-nr]],'data Chauffeur'!A:F,4,FALSE) -> #N/A | J63: =VLOOKUP(Tabel2[[#This Row],[P-nr]],'data Chauffeur'!A:F,5,FALSE) -> #N/A
E64: =VLOOKUP(Tabel2[[#This Row],[P-nr]],'data Chauffeur'!A:F,2,FALSE) -> #N/A | F64: =VLOOKUP(Tabel2[[#This Row],[P-nr]],'data Chauffeur'!A:F,3,FALSE) -> #N/A | G64: =VLOOKUP(Tabel3[[#This Row],[P-nr]],'data Chauffeur'!A:F,6) -> Gent stad | H64: Gent Stad | I64: =VLOOKUP(Tabel2[[#This Row],[P-nr]],'data Chauffeur'!A:F,4,FALSE) -> #N/A | J64: =VLOOKUP(Tabel2[[#This Row],[P-nr]],'data Chauffeur'!A:F,5,FALSE) -> #N/A
E65: =VLOOKUP(Tabel2[[#This Row],[P-nr]],'data Chauffeur'!A:F,2,FALSE) -> #N/A | F65: =VLOOKUP(Tabel2[[#This Row],[P-nr]],'data Chauffeur'!A:F,3,FALSE) -> #N/A | G65: =VLOOKUP(Tabel3[[#This Row],[P-nr]],'data Chauffeur'!A:F,6) -> Gent stad | H65: Gent Stad | I65: =VLOOKUP(Tabel2[[#This Row],[P-nr]],'data Chauffeur'!A:F,4,FALSE) -> #N/A | J65: =VLOOKUP(Tabel2[[#This Row],[P-nr]],'data Chauffeur'!A:F,5,FALSE) -> #N/A

Sheet Voltooide coachings
A1: Prioriteit | B1: P-nr | C1: Naam | D1: Voornaam | E1: volledige naam | F1: OT | G1: Teamcoach | H1: Dienstrol | I1: Opmerking | J1: Bus/Tram | K1: Instructeur | L1: Datum coaching | M1: Werkpunten 1 | N1: Werkpunten 2 | O1: Beoordeling coaching | P1: Hercoaching noodzakelijk | Q1: Gesprek | R1: Ingevoerd in SSF
B2: 19810 | C2: =VLOOKUP(Tabel3[[#This Row],[P-nr]],'data Chauffeur'!A:F,2,FALSE) -> Willems | D2: =VLOOKUP(Tabel3[[#This Row],[P-nr]],'data Chauffeur'!A:F,3,FALSE) -> Kristine | E2: =CONCATENATE(Tabel3[[#This Row],[P-nr]]," ",Tabel3[[#This Row],[Naam]]," ",Tabel3[[#This Row],[Voornaam]]) -> 19810 Willems Kristine | F2: =VLOOKUP(Tabel3[[#This Row],[P-nr]],'data Chauffeur'!A:F,6) -> #N/A | G2: =VLOOKUP(Tabel3[[#This Row],[P-nr]],'data Chauffeur'!A:F,4,FALSE) -> Dominique De Clercq | H2: =VLOOKUP(Tabel3[[#This Row],[P-nr]],'data Chauffeur'!A:F,5,FALSE) -> TV12 | I2: schade | J2: tram | K2: 6046 Joel De Maegd | L2: 45700 | O2: zeer goed | P2: nee | R2: X
B3: 39779 | C3: =VLOOKUP(Tabel3[[#This Row],[P-nr]],'data Chauffeur'!A:F,2,FALSE) -> Avci | D3: =VLOOKUP(Tabel3[[#This Row],[P-nr]],'data Chauffeur'!A:F,3,FALSE) -> Muhammet Abdullah | E3: =CONCATENATE(Tabel3[[#This Row],[P-nr]]," ",Tabel3[[#This Row],[Naam]]," ",Tabel3[[#This Row],[Voornaam]]) -> 39779 Avci Muhammet Abdullah | F3: =VLOOKUP(Tabel3[[#This Row],[P-nr]],'data Chauffeur'!A:F,6) -> Gent stad | G3: =VLOOKUP(Tabel3[[#This Row],[P-nr]],'data Chauffeur'!A:F,4,FALSE) -> Bart Van Der Beken | H3: =VLOOKUP(Tabel3[[#This Row],[P-nr]],'data Chauffeur'!A:F,5,FALSE) -> RESF | I3: schade | J3: bus | K3: 20608 Joeri Mestdag | L3: 45715 | M3: wegcode | N3: snelheid | O3: voldoende | P3: nee | R3: X
B4: 36513 | C4: =VLOOKUP(Tabel3[[#This Row],[P-nr]],'data Chauffeur'!A:F,2,FALSE) -> Sogut | D4: =VLOOKUP(Tabel3[[#This Row],[P-nr]],'data Chauffeur'!A:F,3,FALSE) -> Rauf | E4: =CONCATENATE(Tabel3[[#This Row],[P-nr]]," ",Tabel3[[#This Row],[Naam]]," ",Tabel3[[#This Row],[Voornaam]]) -> 36513 Sogut Rauf | F4: =VLOOKUP(Tabel3[[#This Row],[P-nr]],'data Chauffeur'!A:F,6) -> Gent stad | G4: =VLOOKUP(Tabel3[[#This Row],[P-nr]],'data Chauffeur'!A:F,4,FALSE) -> Kenneth De Rick | H4: =VLOOKUP(Tabel3[[#This Row],[P-nr]],'data Chauffeur'!A:F,5,FALSE) -> BN24 | J4: bus | K4: 20608 Joeri Mestdag | L4: 45721 | M4: wegcode | N4: GSM | O4: voldoende | P4: nee | R4: X
B5: 35026 | C5: =VLOOKUP(Tabel3[[#This Row],[P-nr]],'data Chauffeur'!A:F,2,FALSE) -> Momsen | D5: =VLOOKUP(Tabel3[[#This Row],[P-nr]],'data Chauffeur'!A:F,3,FALSE) -> Rory | E5: =CONCATENATE(Tabel3[[#This Row],[P-nr]]," ",Tabel3[[#This Row],[Naam]]," ",Tabel3[[#This Row],[Voornaam]]) -> 35026 Momsen Rory | F5: =VLOOKUP(Tabel3[[#This Row],[P-nr]],'data Chauffeur'!A:F,6) -> Gent stad | G5: =VLOOKUP(Tabel3[[#This Row],[P-nr]],'data Chauffeur'!A:F,4,FALSE) -> Steven Storm | H5: =VLOOKUP(Tabel3[[#This Row],[P-nr]],'data Chauffeur'!A:F,5,FALSE) -> BN24 | I5: schade | J5: bus | K5: 20608 Joeri Mestdag | L5: 45721 | O5: goed | R5: X
B6: 34286 | C6: =VLOOKUP(Tabel3[[#This Row],[P-nr]],'data Chauffeur'!A:F,2,FALSE) -> Ghani | D6: =VLOOKUP(Tabel3[[#This Row],[P-nr]],'data Chauffeur'!A:F,3,FALSE) -> Mozamil | E6: =CONCATENATE(Tabel3[[#This Row],[P-nr]]," ",Tabel3[[#This Row],[Naam]]," ",Tabel3[[#This Row],[Voornaam]]) -> 34286 Ghani Mozamil | F6: =VLOOKUP(Tabel3[[#This Row],[P-nr]],'data Chauffeur'!A:F,6) -> Gent stad | G6: =VLOOKUP(Tabel3[[#This Row],[P-nr]],'data Chauffeur'!A:F,4,FALSE) -> Steven Storm | H6: =VLOOKUP(Tabel3[[#This Row],[P-nr]],'data Chauffeur'!A:F,5,FALSE) -> MN24 | I6: schade | J6: bus | K6: 20608 Joeri Mestdag | L6: 45721 | O6: goed | R6: X
B7: 40266 | C7: =VLOOKUP(Tabel3[[#This Row],[P-nr]],'data Chauffeur'!A:F,2,FALSE) -> Taibi | D7: =VLOOKUP(Tabel3[[#This Row],[P-nr]],'data Chauffeur'!A:F,3,FALSE) -> Yassine | E7: =CONCATENATE(Tabel3[[#This Row],[P-nr]]," ",Tabel3[[#This Row],[Naam]]," ",Tabel3[[#This Row],[Voornaam]]) -> 40266 Taibi Yassine | F7: =VLOOKUP(Tabel3[[#This Row],[P-nr]],'data Chauffeur'!A:F,6) -> Gent stad | G7: =VLOOKUP(Tabel3[[#This Row],[P-nr]],'data Chauffeur'!A:F,4,FALSE) -> Christoff Rotty | H7: =VLOOKUP(Tabel3[[#This Row],[P-nr]],'data Chauffeur'!A:F,5,FALSE) -> BR15 | I7: optrekken, afremmen onconfortabel | J7: bus | K7: 8538 Philippe Vandewalle | L7: 45722 | O7: goed | R7: X
B8: 37543 | C8: =VLOOKUP(Tabel3[[#This Row],[P-nr]],'data Chauffeur'!A:F,2,FALSE) -> Öztürk | D8: =VLOOKUP(Tabel3[[#This Row],[P-nr]],'data Chauffeur'!A:F,3,FALSE) -> Bilgehan | E8: =CONCATENATE(Tabel3[[#This Row],[P-nr]]," ",Tabel3[[#This Row],[Naam]]," ",Tabel3[[#This Row],[Voornaam]]) -> 37543 Öztürk Bilgehan | F8: =VLOOKUP(Tabel3[[#This Row],[P-nr]],'data Chauffeur'!A:F,6) -> Gent stad | G8: =VLOOKUP(Tabel3[[#This Row],[P-nr]],'data Chauffeur'!A:F,4,FALSE) -> Kenneth De Rick | H8: =VLOOKUP(Tabel3[[#This Row],[P-nr]],'data Chauffeur'!A:F,5,FALSE) -> RESF | I8: schade | J8: bus | K8: 8538 Philippe Vandewalle | L8: 45726 | O8: voldoende | P8: nee | R8: X
B9: 19917 | C9: =VLOOKUP(Tabel3[[#This Row],[P-nr]],'data Chauffeur'!A:F,2,FALSE) -> Vandevyvere | D9: =VLOOKUP(Tabel3[[#This Row],[P-nr]],'data Chauffeur'!A:F,3,FALSE) -> Frank | E9: =CONCATENATE(Tabel3[[#This Row],[P-nr]]," ",Tabel3[[#This Row],[Naam]]," ",Tabel3[[#This Row],[Voornaam]]) -> 19917 Vandevyvere Frank | F9: =VLOOKUP(Tabel3[[#This Row],[P-nr]],'data Chauffeur'!A:F,6) -> #N/A | G9: =VLOOKUP(Tabel3[[#This Row],[P-nr]],'data Chauffeur'!A:F,4,FALSE) -> Bart Van Der Beken | H9: =VLOOKUP(Tabel3[[#This Row],[P-nr]],'data Chauffeur'!A:F,5,FALSE) -> GW09 | I9: nav slechte vorige coaching | J9: bus | K9: 8538 Philippe Vandewalle | L9: 45727 | M9: wegcode | O9: onvoldoende | P9: ja
B10: 29821 | C10: =VLOOKUP(Tabel3[[#This Row],[P-nr]],'data Chauffeur'!A:F,2,FALSE) -> Mehman Doust | D10: =VLOOKUP(Tabel3[[#This Row],[P-nr]],'data Chauffeur'!A:F,3,FALSE) -> Farhad | E10: =CONCATENATE(Tabel3[[#This Row],[P-nr]]," ",Tabel3[[#This Row],[Naam]]," ",Tabel3[[#This Row],[Voornaam]]) -> 29821 Mehman Doust Farhad | F10: =VLOOKUP(Tabel3[[#This Row],[P-nr]],'data Chauffeur'!A:F,6) -> Gent stad | G10: =VLOOKUP(Tabel3[[#This Row],[P-nr]],'data Chauffeur'!A:F,4,FALSE) -> Dominique De Clercq | H10: =VLOOKUP(Tabel3[[#This Row],[P-nr]],'data Chauffeur'!A:F,5,FALSE) -> TR15 | I10: schade | J10: tram | K10: 6046 Joel De Maegd | L10: 45728 | O10: zeer goed | P10: nee | R10: X
B11: 39677 | C11: =VLOOKUP(Tabel3[[#This Row],[P-nr]],'data Chauffeur'!A:F,2,FALSE) -> Tacq | D11: =VLOOKUP(Tabel3[[#This Row],[P-nr]],'data Chauffeur'!A:F,3,FALSE) -> Joey | E11: =CONCATENATE(Tabel3[[#This Row],[P-nr]]," ",Tabel3[[#This Row],[Naam]]," ",Tabel3[[#This Row],[Voornaam]]) -> 39677 Tacq Joey | F11: =VLOOKUP(Tabel3[[#This Row],[P-nr]],'data Chauffeur'!A:F,6) -> Gent stad | G11: =VLOOKUP(Tabel3[[#This Row],[P-nr]],'data Chauffeur'!A:F,4,FALSE) -> Kenneth De Rick | H11: =VLOOKUP(Tabel3[[#This Row],[P-nr]],'data Chauffeur'!A:F,5,FALSE) -> RESF | J11: bus | K11: 20608 Joeri Mestdag | L11: 45736 | M11: wegcode | N11: GSM | O11: voldoende | P11: nee | R11: X
B12: 39728 | C12: =VLOOKUP(Tabel3[[#This Row],[P-nr]],'data Chauffeur'!A:F,2,FALSE) -> Nohut | D12: =VLOOKUP(Tabel3[[#This Row],[P-nr]],'data Chauffeur'!A:F,3,FALSE) -> Baki | E12: =CONCATENATE(Tabel3[[#This Row],[P-nr]]," ",Tabel3[[#This Row],[Naam]]," ",Tabel3[[#This Row],[Voornaam]]) -> 39728 Nohut Baki | F12: =VLOOKUP(Tabel3[[#This Row],[P-nr]],'data Chauffeur'!A:F,6) -> Gent stad | G12: =VLOOKUP(Tabel3[[#This Row],[P-nr]],'data Chauffeur'!A:F,4,FALSE) -> Lucie Vande Velde | H12: =VLOOKUP(Tabel3[[#This Row],[P-nr]],'data Chauffeur'!A:F,5,FALSE) -> RESF | J12: bus | K12: 20608 Joeri Mestdag | L12: 45740 | O12: zeer goed | R12: X
B13: 41012 | C13: =VLOOKUP(Tabel3[[#This Row],[P-nr]],'data Chauffeur'!A:F,2,FALSE) -> Natad | D13: =VLOOKUP(Tabel3[[#This Row],[P-nr]],'data Chauffeur'!A:F,3,FALSE) -> Younes | E13: =CONCATENATE(Tabel3[[#This Row],[P-nr]]," ",Tabel3[[#This Row],[Naam]]," ",Tabel3[[#This Row],[Voornaam]]) -> 41012 Natad Younes | F13: =VLOOKUP(Tabel3[[#This Row],[P-nr]],'data Chauffeur'!A:F,6) -> Gent stad | G13: =VLOOKUP(Tabel3[[#This Row],[P-nr]],'data Chauffeur'!A:F,4,FALSE) -> Els Vanhoe | H13: =VLOOKUP(Tabel3[[#This Row],[P-nr]],'data Chauffeur'!A:F,5,FALSE) -> RESF | I13: schade | J13: bus | K13: 20608 Joeri Mestdag | L13: 45740 | O13: zeer goed | P13: nee | R13: X
A14: ja | B14: 28794 | C14: =VLOOKUP(Tabel3[[#This Row],[P-nr]],'data Chauffeur'!A:F,2,FALSE) -> Van Malderghem | D14: =VLOOKUP(Tabel3[[#This Row],[P-nr]],'data Chauffeur'!A:F,3,FALSE) -> Niels | E14: =CONCATENATE(Tabel3[[#This Row],[P-nr]]," ",Tabel3[[#This Row],[Naam]]," ",Tabel3[[#This Row],[Voornaam]]) -> 28794 Van Malderghem Niels | F14: =VLOOKUP(Tabel3[[#This Row],[P-nr]],'data Chauffeur'!A:F,6) -> Gent stad | G14: =VLOOKUP(Tabel3[[#This Row],[P-nr]],'data Chauffeur'!A:F,4,FALSE) -> Lucie Vande Velde | H14: =VLOOKUP(Tabel3[[#This Row],[P-nr]],'data Chauffeur'!A:F,5,FALSE) -> ML12 | I14: rijstijl tram in bochten | J14: tram | K14: Teamcoach | L14: 45742 | O14: zeer goed | P14: nee | R14: X
B15: 31092 | C15: =VLOOKUP(Tabel3[[#This Row],[P-nr]],'data Chauffeur'!A:F,2,FALSE) -> De Jaeger | D15: =VLOOKUP(Tabel3[[#This Row],[P-nr]],'data Chauffeur'!A:F,3,FALSE) -> Kevin | E15: =CONCATENATE(Tabel3[[#This Row],[P-nr]]," ",Tabel3[[#This Row],[Naam]]," ",Tabel3[[#This Row],[Voornaam]]) -> 31092 De Jaeger Kevin | F15: =VLOOKUP(Tabel3[[#This Row],[P-nr]],'data Chauffeur'!A:F,6) -> Gent stad | G15: =VLOOKUP(Tabel3[[#This Row],[P-nr]],'data Chauffeur'!A:F,4,FALSE) -> Lucie Vande Velde | H15: =VLOOKUP(Tabel3[[#This Row],[P-nr]],'data Chauffeur'!A:F,5,FALSE) -> B24 | J15: bus | K15: 20608 Joeri Mestdag | L15: 45743 | M15: wegcode | N15: oortjes | O15: goed | P15: nee | R15: X
B16: 27711 | C16: =VLOOKUP(Tabel3[[#This Row],[P-nr]],'data Chauffeur'!A:F,2,FALSE) -> De Schenkel | D16: =VLOOKUP(Tabel3[[#This Row],[P-nr]],'data Chauffeur'!A:F,3,FALSE) -> David | E16: =CONCATENATE(Tabel3[[#This Row],[P-nr]]," ",Tabel3[[#This Row],[Naam]]," ",Tabel3[[#This Row],[Voornaam]]) -> 27711 De Schenkel David | F16: =VLOOKUP(Tabel3[[#This Row],[P-nr]],'data Chauffeur'!A:F,6) -> Gent stad | G16: =VLOOKUP(Tabel3[[#This Row],[P-nr]],'data Chauffeur'!A:F,4,FALSE) -> Christoff Rotty | H16: =VLOOKUP(Tabel3[[#This Row],[P-nr]],'data Chauffeur'!A:F,5,FALSE) -> TR15 | J16: tram | K16: 22812 Tom De Clercq | L16: 45743 | N16: snelheid | O16: goed | R16: X
B17: 19249 | C17: =VLOOKUP(Tabel3[[#This Row],[P-nr]],'data Chauffeur'!A:F,2,FALSE) -> Odaci | D17: =VLOOKUP(Tabel3[[#This Row],[P-nr]],'data Chauffeur'!A:F,3,FALSE) -> Kadir | E17: =CONCATENATE(Tabel3[[#This Row],[P-nr]]," ",Tabel3[[#This Row],[Naam]]," ",Tabel3[[#This Row],[Voornaam]]) -> 19249 Odaci Kadir | F17: =VLOOKUP(Tabel3[[#This Row],[P-nr]],'data Chauffeur'!A:F,6) -> #N/A | G17: =VLOOKUP(Tabel3[[#This Row],[P-nr]],'data Chauffeur'!A:F,4,FALSE) -> Lucie Vande Velde | H17: =VLOOKUP(Tabel3[[#This Row],[P-nr]],'data Chauffeur'!A:F,5,FALSE) -> MV12 | K17: 20608 Joeri Mestdag | L17: 45743 | M17: wegcode | N17: snelheid | O17: goed | P17: nee | R17: X
B18: 33982 | C18: =VLOOKUP(Tabel3[[#This Row],[P-nr]],'data Chauffeur'!A:F,2,FALSE) -> Hoffelinck | D18: =VLOOKUP(Tabel3[[#This Row],[P-nr]],'data Chauffeur'!A:F,3,FALSE) -> Thomas | E18: =CONCATENATE(Tabel3[[#This Row],[P-nr]]," ",Tabel3[[#This Row],[Naam]]," ",Tabel3[[#This Row],[Voornaam]]) -> 33982 Hoffelinck Thomas | F18: =VLOOKUP(Tabel3[[#This Row],[P-nr]],'data Chauffeur'!A:F,6) -> Gent stad | G18: =VLOOKUP(Tabel3[[#This Row],[P-nr]],'data Chauffeur'!A:F,4,FALSE) -> Els Dewulf | H18: =VLOOKUP(Tabel3[[#This Row],[P-nr]],'data Chauffeur'!A:F,5,FALSE) -> TO15 | J18: tram | K18: 22812 Tom De Clercq | L18: 45743 | M18: achterruit rijden met tram | O18: goed | R18: X
B19: 33982 | C19: =VLOOKUP(Tabel3[[#This Row],[P-nr]],'data Chauffeur'!A:F,2,FALSE) -> Hoffelinck | D19: =VLOOKUP(Tabel3[[#This Row],[P-nr]],'data Chauffeur'!A:F,3,FALSE) -> Thomas | E19: =CONCATENATE(Tabel3[[#This Row],[P-nr]]," ",Tabel3[[#This Row],[Naam]]," ",Tabel3[[#This Row],[Voornaam]]) -> 33982 Hoffelinck Thomas | F19: =VLOOKUP(Tabel3[[#This Row],[P-nr]],'data Chauffeur'!A:F,6) -> Gent stad | G19: =VLOOKUP(Tabel3[[#This Row],[P-nr]],'data Chauffeur'!A:F,4,FALSE) -> Els Dewulf | H19: =VLOOKUP(Tabel3[[#This Row],[P-nr]],'data Chauffeur'!A:F,5,FALSE) -> TO15 | I19: achterruitrijden rabotstraat in eigen bedding | J19: tram | K19: 22812 Tom De Clercq | L19: 45743 | M19: wegcode | N19: achterruit rijden | O19: voldoende | R19: X
B20: 27711 | C20: =VLOOKUP(Tabel3[[#This Row],[P-nr]],'data Chauffeur'!A:F,2,FALSE) -> De Schenkel | D20: =VLOOKUP(Tabel3[[#This Row],[P-nr]],'data Chauffeur'!A:F,3,FALSE) -> David | E20: =CONCATENATE(Tabel3[[#This Row],[P-nr]]," ",Tabel3[[#This Row],[Naam]]," ",Tabel3[[#This Row],[Voornaam]]) -> 27711 De Schenkel David | F20: =VLOOKUP(Tabel3[[#This Row],[P-nr]],'data Chauffeur'!A:F,6) -> Gent stad | G20: =VLOOKUP(Tabel3[[#This Row],[P-nr]],'data Chauffeur'!A:F,4,FALSE) -> Christoff Rotty | H20: =VLOOKUP(Tabel3[[#This Row],[P-nr]],'data Chauffeur'!A:F,5,FALSE) -> TR15 | I20: snelheid wissels en beweegbare brug | J20: tram | K20: 22812 Tom De Clercq | L20: 45743 | M20: wegcode | O20: goed | R20: X
B21: 36626 | C21: =VLOOKUP(Tabel3[[#This Row],[P-nr]],'data Chauffeur'!A:F,2,FALSE) -> Kartal | D21: =VLOOKUP(Tabel3[[#This Row],[P-nr]],'data Chauffeur'!A:F,3,FALSE) -> Kadir | E21: =CONCATENATE(Tabel3[[#This Row],[P-nr]]," ",Tabel3[[#This Row],[Naam]]," ",Tabel3[[#This Row],[Voornaam]]) -> 36626 Kartal Kadir | F21: =VLOOKUP(Tabel3[[#This Row],[P-nr]],'data Chauffeur'!A:F,6) -> Gent stad | G21: =VLOOKUP(Tabel3[[#This Row],[P-nr]],'data Chauffeur'!A:F,4,FALSE) -> Els Dewulf | H21: =VLOOKUP(Tabel3[[#This Row],[P-nr]],'data Chauffeur'!A:F,5,FALSE) -> BR15 | I21: schade | J21: bus | K21: 20608 Joeri Mestdag | L21: 45744 | M21: Klantenzorg | N21: te vroeg rijden | O21: goed | P21: nee | R21: X
B22: 39660 | C22: =VLOOKUP(Tabel3[[#This Row],[P-nr]],'data Chauffeur'!A:F,2,FALSE) -> Lloyd | D22: =VLOOKUP(Tabel3[[#This Row],[P-nr]],'data Chauffeur'!A:F,3,FALSE) -> Glenn | E22: =CONCATENATE(Tabel3[[#This Row],[P-nr]]," ",Tabel3[[#This Row],[Naam]]," ",Tabel3[[#This Row],[Voornaam]]) -> 39660 Lloyd Glenn | F22: =VLOOKUP(Tabel3[[#This Row],[P-nr]],'data Chauffeur'!A:F,6) -> Gent stad | G22: =VLOOKUP(Tabel3[[#This Row],[P-nr]],'data Chauffeur'!A:F,4,FALSE) -> Bart Van Der Beken | H22: =VLOOKUP(Tabel3[[#This Row],[P-nr]],'data Chauffeur'!A:F,5,FALSE) -> RESF | I22: schade | J22: bus | K22: 20608 Joeri Mestdag | L22: 45744 | M22: wegcode | N22: snelheid | O22: goed | P22: nee | R22: X
B23: 38938 | C23: =VLOOKUP(Tabel3[[#This Row],[P-nr]],'data Chauffeur'!A:F,2,FALSE) -> Sedighi | D23: =VLOOKUP(Tabel3[[#This Row],[P-nr]],'data Chauffeur'!A:F,3,FALSE) -> Hamid | E23: =CONCATENATE(Tabel3[[#This Row],[P-nr]]," ",Tabel3[[#This Row],[Naam]]," ",Tabel3[[#This Row],[Voornaam]]) -> 38938 Sedighi Hamid | F23: =VLOOKUP(Tabel3[[#This Row],[P-nr]],'data Chauffeur'!A:F,6) -> Gent stad | G23: =VLOOKUP(Tabel3[[#This Row],[P-nr]],'data Chauffeur'!A:F,4,FALSE) -> Lucie Vande Velde | H23: =VLOOKUP(Tabel3[[#This Row],[P-nr]],'data Chauffeur'!A:F,5,FALSE) -> RESF | J23: bus | K23: 20608 Joeri Mestdag | L23: 45744 | M23: wegcode | N23: snelheid | O23: goed | P23: nee | R23: X
B24: 40645 | C24: =VLOOKUP(Tabel3[[#This Row],[P-nr]],'data Chauffeur'!A:F,2,FALSE) -> Bytebier | D24: =VLOOKUP(Tabel3[[#This Row],[P-nr]],'data Chauffeur'!A:F,3,FALSE) -> Jason | E24: =CONCATENATE(Tabel3[[#This Row],[P-nr]]," ",Tabel3[[#This Row],[Naam]]," ",Tabel3[[#This Row],[Voornaam]]) -> 40645 Bytebier Jason | F24: =VLOOKUP(Tabel3[[#This Row],[P-nr]],'data Chauffeur'!A:F,6) -> Gent stad | G24: =VLOOKUP(Tabel3[[#This Row],[P-nr]],'data Chauffeur'!A:F,4,FALSE) -> Els Dewulf | H24: =VLOOKUP(Tabel3[[#This Row],[P-nr]],'data Chauffeur'!A:F,5,FALSE) -> RESF | J24: bus | K24: 17552 Daisy De Geyter | L24: 45744 | O24: zeer goed | P24: nee | R24: X
B25: 40294 | C25: =VLOOKUP(Tabel3[[#This Row],[P-nr]],'data Chauffeur'!A:F,2,FALSE) -> Khder | D25: =VLOOKUP(Tabel3[[#This Row],[P-nr]],'data Chauffeur'!A:F,3,FALSE) -> Aram | E25: =CONCATENATE(Tabel3[[#This Row],[P-nr]]," ",Tabel3[[#This Row],[Naam]]," ",Tabel3[[#This Row],[Voornaam]]) -> 40294 Khder Aram | F25: =VLOOKUP(Tabel3[[#This Row],[P-nr]],'data Chauffeur'!A:F,6) -> Gent stad | G25: =VLOOKUP(Tabel3[[#This Row],[P-nr]],'data Chauffeur'!A:F,4,FALSE) -> Christoff Rotty | H25: =VLOOKUP(Tabel3[[#This Row],[P-nr]],'data Chauffeur'!A:F,5,FALSE) -> RESF | I25: coaching van 3/3/25 slecht, werkpunten: remtechniek, snelheid, gsm gebruik | J25: bus | K25: 17552 Daisy De Geyter | L25: 45744 | M25: interne reglementering | N25: oortjes | O25: voldoende | P25: ja | R25: X
B26: 28717 | C26: =VLOOKUP(Tabel3[[#This Row],[P-nr]],'data Chauffeur'!A:F,2,FALSE) -> Dejonckheere | D26: =VLOOKUP(Tabel3[[#This Row],[P-nr]],'data Chauffeur'!A:F,3,FALSE) -> Els | E26: =CONCATENATE(Tabel3[[#This Row],[P-nr]]," ",Tabel3[[#This Row],[Naam]]," ",Tabel3[[#This Row],[Voornaam]]) -> 28717 Dejonckheere Els | F26: =VLOOKUP(Tabel3[[#This Row],[P-nr]],'data Chauffeur'!A:F,6) -> Gent stad | G26: =VLOOKUP(Tabel3[[#This Row],[P-nr]],'data Chauffeur'!A:F,4,FALSE) -> Lucie Vande Velde | H26: =VLOOKUP(Tabel3[[#This Row],[P-nr]],'data Chauffeur'!A:F,5,FALSE) -> GW10 | J26: bus | K26: 20608 Joeri Mestdag | L26: 45749 | M26: wegcode | N26: snelheid | O26: goed | P26: nee | R26: X
B27: 33986 | C27: =VLOOKUP(Tabel3[[#This Row],[P-nr]],'data Chauffeur'!A:F,2,FALSE) -> Göktas | D27: =VLOOKUP(Tabel3[[#This Row],[P-nr]],'data Chauffeur'!A:F,3,FALSE) -> Muharrem | E27: =CONCATENATE(Tabel3[[#This Row],[P-nr]]," ",Tabel3[[#This Row],[Naam]]," ",Tabel3[[#This Row],[Voornaam]]) -> 33986 Göktas Muharrem | F27: =VLOOKUP(Tabel3[[#This Row],[P-nr]],'data Chauffeur'!A:F,6) -> Gent stad | G27: =VLOOKUP(Tabel3[[#This Row],[P-nr]],'data Chauffeur'!A:F,4,FALSE) -> Kenneth De Rick | H27: =VLOOKUP(Tabel3[[#This Row],[P-nr]],'data Chauffeur'!A:F,5,FALSE) -> GW10 | I27: scade | J27: bus | K27: 16707 Wim Van Hende | L27: 45749 | M27: wegcode | N27: GSM | O27: voldoende | P27: ja | R27: X
B28: 41091 | C28: =VLOOKUP(Tabel3[[#This Row],[P-nr]],'data Chauffeur'!A:F,2,FALSE) -> Yavas | D28: =VLOOKUP(Tabel3[[#This Row],[P-nr]],'data Chauffeur'!A:F,3,FALSE) -> Talha | E28: =CONCATENATE(Tabel3[[#This Row],[P-nr]]," ",Tabel3[[#This Row],[Naam]]," ",Tabel3[[#This Row],[Voornaam]]) -> 41091 Yavas Talha | F28: =VLOOKUP(Tabel3[[#This Row],[P-nr]],'data Chauffeur'!A:F,6) -> Gent stad | G28: =VLOOKUP(Tabel3[[#This Row],[P-nr]],'data Chauffeur'!A:F,4,FALSE) -> Dominique De Clercq | H28: =VLOOKUP(Tabel3[[#This Row],[P-nr]],'data Chauffeur'!A:F,5,FALSE) -> RESF | I28: algemene rijstijl/ houding | J28: bus | K28: 20608 Joeri Mestdag | L28: 45749 | M28: te vroeg rijden | O28: goed | P28: nee | R28: X
B29: 35450 | C29: =VLOOKUP(Tabel3[[#This Row],[P-nr]],'data Chauffeur'!A:F,2,FALSE) -> Roos | D29: =VLOOKUP(Tabel3[[#This Row],[P-nr]],'data Chauffeur'!A:F,3,FALSE) -> Hugo | E29: =CONCATENATE(Tabel3[[#This Row],[P-nr]]," ",Tabel3[[#This Row],[Naam]]," ",Tabel3[[#This Row],[Voornaam]]) -> 35450 Roos Hugo | F29: =VLOOKUP(Tabel3[[#This Row],[P-nr]],'data Chauffeur'!A:F,6) -> Gent stad | G29: =VLOOKUP(Tabel3[[#This Row],[P-nr]],'data Chauffeur'!A:F,4,FALSE) -> Els Dewulf | H29: =VLOOKUP(Tabel3[[#This Row],[P-nr]],'data Chauffeur'!A:F,5,FALSE) -> BR15 | J29: bus | K29: peter schijvens | L29: 45749 | O29: goed | R29: X
B30: 27153 | C30: =VLOOKUP(Tabel3[[#This Row],[P-nr]],'data Chauffeur'!A:F,2,FALSE) -> Oben | D30: =VLOOKUP(Tabel3[[#This Row],[P-nr]],'data Chauffeur'!A:F,3,FALSE) -> Thibaud | E30: =CONCATENATE(Tabel3[[#This Row],[P-nr]]," ",Tabel3[[#This Row],[Naam]]," ",Tabel3[[#This Row],[Voornaam]]) -> 27153 Oben Thibaud | F30: =VLOOKUP(Tabel3[[#This Row],[P-nr]],'data Chauffeur'!A:F,6) -> Gent stad | G30: =VLOOKUP(Tabel3[[#This Row],[P-nr]],'data Chauffeur'!A:F,4,FALSE) -> Christoff Rotty | H30: =VLOOKUP(Tabel3[[#This Row],[P-nr]],'data Chauffeur'!A:F,5,FALSE) -> GW09 | J30: bus | K30: peter schijvens | L30: 45749 | O30: goed | R30: X
B31: 41348 | C31: =VLOOKUP(Tabel3[[#This Row],[P-nr]],'data Chauffeur'!A:F,2,FALSE) -> Van Huffel | D31: =VLOOKUP(Tabel3[[#This Row],[P-nr]],'data Chauffeur'!A:F,3,FALSE) -> Tim | E31: =CONCATENATE(Tabel3[[#This Row],[P-nr]]," ",Tabel3[[#This Row],[Naam]]," ",Tabel3[[#This Row],[Voornaam]]) -> 41348 Van Huffel Tim | F31: =VLOOKUP(Tabel3[[#This Row],[P-nr]],'data Chauffeur'!A:F,6) -> Gent stad | G31: =VLOOKUP(Tabel3[[#This Row],[P-nr]],'data Chauffeur'!A:F,4,FALSE) -> Christoff Rotty | H31: =VLOOKUP(Tabel3[[#This Row],[P-nr]],'data Chauffeur'!A:F,5,FALSE) -> RESF | I31: snelheid | J31: bus | K31: 4707 Peter Schijvens | L31: 45749 | O31: onvoldoende | P31: ja | Q31: OK | R31: X
B32: 41246 | C32: =VLOOKUP(Tabel3[[#This Row],[P-nr]],'data Chauffeur'!A:F,2,FALSE) -> Van Holsbeeck | D32: =VLOOKUP(Tabel3[[#This Row],[P-nr]],'data Chauffeur'!A:F,3,FALSE) -> Yana | E32: =CONCATENATE(Tabel3[[#This Row],[P-nr]]," ",Tabel3[[#This Row],[Naam]]," ",Tabel3[[#This Row],[Voornaam]]) -> 41246 Van Holsbeeck Yana | F32: =VLOOKUP(Tabel3[[#This Row],[P-nr]],'data Chauffeur'!A:F,6) -> Gent stad | G32: =VLOOKUP(Tabel3[[#This Row],[P-nr]],'data Chauffeur'!A:F,4,FALSE) -> Dominique De Clercq | H32: =VLOOKUP(Tabel3[[#This Row],[P-nr]],'data Chauffeur'!A:F,5,FALSE) -> RESF | I32: algemene rijstijl/ houding | J32: bus | K32: 16707 Wim Van Hende | L32: 45749 | M32: voertuigbeheersing | O32: goed | P32: nee | R32: X
B33: 39581 | C33: =VLOOKUP(Tabel3[[#This Row],[P-nr]],'data Chauffeur'!A:F,2,FALSE) -> Vandenhaute | D33: =VLOOKUP(Tabel3[[#This Row],[P-nr]],'data Chauffeur'!A:F,3,FALSE) -> Linus | E33: =CONCATENATE(Tabel3[[#This Row],[P-nr]]," ",Tabel3[[#This Row],[Naam]]," ",Tabel3[[#This Row],[Voornaam]]) -> 39581 Vandenhaute Linus | F33: =VLOOKUP(Tabel3[[#This Row],[P-nr]],'data Chauffeur'!A:F,6) -> Gent stad | G33: =VLOOKUP(Tabel3[[#This Row],[P-nr]],'data Chauffeur'!A:F,4,FALSE) -> Els Dewulf | H33: =VLOOKUP(Tabel3[[#This Row],[P-nr]],'data Chauffeur'!A:F,5,FALSE) -> BR15 | J33: bus | K33: 4707 Peter Schijvens | L33: 45755 | O33: zeer goed | R33: X
B34: 38580 | C34: =VLOOKUP(Tabel3[[#This Row],[P-nr]],'data Chauffeur'!A:F,2,FALSE) -> Smajla | D34: =VLOOKUP(Tabel3[[#This Row],[P-nr]],'data Chauffeur'!A:F,3,FALSE) -> Samet | E34: =CONCATENATE(Tabel3[[#This Row],[P-nr]]," ",Tabel3[[#This Row],[Naam]]," ",Tabel3[[#This Row],[Voornaam]]) -> 38580 Smajla Samet | F34: =VLOOKUP(Tabel3[[#This Row],[P-nr]],'data Chauffeur'!A:F,6) -> Gent stad | G34: =VLOOKUP(Tabel3[[#This Row],[P-nr]],'data Chauffeur'!A:F,4,FALSE) -> Els Dewulf | H34: =VLOOKUP(Tabel3[[#This Row],[P-nr]],'data Chauffeur'!A:F,5,FALSE) -> RESF | I34: spontane coaching | J34: bus | K34: 20608 Joeri Mestdag | L34: 45762 | O34: goed | P34: nee | R34: X
B35: 39660 | C35: =VLOOKUP(Tabel3[[#This Row],[P-nr]],'data Chauffeur'!A:F,2,FALSE) -> Lloyd | D35: =VLOOKUP(Tabel3[[#This Row],[P-nr]],'data Chauffeur'!A:F,3,FALSE) -> Glenn | E35: =CONCATENATE(Tabel3[[#This Row],[P-nr]]," ",Tabel3[[#This Row],[Naam]]," ",Tabel3[[#This Row],[Voornaam]]) -> 39660 Lloyd Glenn | F35: =VLOOKUP(Tabel3[[#This Row],[P-nr]],'data Chauffeur'!A:F,6) -> Gent stad | G35: =VLOOKUP(Tabel3[[#This Row],[P-nr]],'data Chauffeur'!A:F,4,FALSE) -> Bart Van Der Beken | H35: =VLOOKUP(Tabel3[[#This Row],[P-nr]],'data Chauffeur'!A:F,5,FALSE) -> RESF | I35: snelheid en stuurhouding | J35: bus | K35: 4707 Peter Schijvens | L35: 45763 | M35: wegcode | O35: slecht | P35: ja | R35: X
B36: 40486 | C36: =VLOOKUP(Tabel3[[#This Row],[P-nr]],'data Chauffeur'!A:F,2,FALSE) -> De Souza | D36: =VLOOKUP(Tabel3[[#This Row],[P-nr]],'data Chauffeur'!A:F,3,FALSE) -> Marcos Eduardo | E36: =CONCATENATE(Tabel3[[#This Row],[P-nr]]," ",Tabel3[[#This Row],[Naam]]," ",Tabel3[[#This Row],[Voornaam]]) -> 40486 De Souza Marcos Eduardo | F36: =VLOOKUP(Tabel3[[#This Row],[P-nr]],'data Chauffeur'!A:F,6) -> Gent stad | G36: =VLOOKUP(Tabel3[[#This Row],[P-nr]],'data Chauffeur'!A:F,4,FALSE) -> Christoff Rotty | H36: =VLOOKUP(Tabel3[[#This Row],[P-nr]],'data Chauffeur'!A:F,5,FALSE) -> RESF | J36: bus | K36: 4707 Peter Schijvens | L36: 45763 | O36: zeer goed | P36: nee | R36: X
B37: 39901 | C37: =VLOOKUP(Tabel3[[#This Row],[P-nr]],'data Chauffeur'!A:F,2,FALSE) -> Basha | D37: =VLOOKUP(Tabel3[[#This Row],[P-nr]],'data Chauffeur'!A:F,3,FALSE) -> Izmir | E37: =CONCATENATE(Tabel3[[#This Row],[P-nr]]," ",Tabel3[[#This Row],[Naam]]," ",Tabel3[[#This Row],[Voornaam]]) -> 39901 Basha Izmir | F37: =VLOOKUP(Tabel3[[#This Row],[P-nr]],'data Chauffeur'!A:F,6) -> Gent stad | G37: =VLOOKUP(Tabel3[[#This Row],[P-nr]],'data Chauffeur'!A:F,4,FALSE) -> Christoff Rotty | H37: =VLOOKUP(Tabel3[[#This Row],[P-nr]],'data Chauffeur'!A:F,5,FALSE) -> RESF | K37: 4707 Peter Schijvens | L37: 45763 | O37: goed | P37: nee | R37: X
B38: 11508 | C38: =VLOOKUP(Tabel3[[#This Row],[P-nr]],'data Chauffeur'!A:F,2,FALSE) -> Beeckman | D38: =VLOOKUP(Tabel3[[#This Row],[P-nr]],'data Chauffeur'!A:F,3,FALSE) -> Nico | E38: =CONCATENATE(Tabel3[[#This Row],[P-nr]]," ",Tabel3[[#This Row],[Naam]]," ",Tabel3[[#This Row],[Voornaam]]) -> 11508 Beeckman Nico | F38: =VLOOKUP(Tabel3[[#This Row],[P-nr]],'data Chauffeur'!A:F,6) -> #N/A | G38: =VLOOKUP(Tabel3[[#This Row],[P-nr]],'data Chauffeur'!A:F,4,FALSE) -> Lucie Vande Velde | H38: =VLOOKUP(Tabel3[[#This Row],[P-nr]],'data Chauffeur'!A:F,5,FALSE) -> SW05 | J38: bus | K38: 4707 Peter Schijvens | L38: 45763 | O38: goed | P38: nee | R38: X
B39: 32169 | C39: =VLOOKUP(Tabel3[[#This Row],[P-nr]],'data Chauffeur'!A:F,2,FALSE) -> Kelchtermans | D39: =VLOOKUP(Tabel3[[#This Row],[P-nr]],'data Chauffeur'!A:F,3,FALSE) -> Raf | E39: =CONCATENATE(Tabel3[[#This Row],[P-nr]]," ",Tabel3[[#This Row],[Naam]]," ",Tabel3[[#This Row],[Voornaam]]) -> 32169 Kelchtermans Raf | F39: =VLOOKUP(Tabel3[[#This Row],[P-nr]],'data Chauffeur'!A:F,6) -> Gent stad | G39: =VLOOKUP(Tabel3[[#This Row],[P-nr]],'data Chauffeur'!A:F,4,FALSE) -> Steven Storm | H39: =VLOOKUP(Tabel3[[#This Row],[P-nr]],'data Chauffeur'!A:F,5,FALSE) -> B24 | I39: spontane coaching | J39: bus | K39: 20608 Joeri Mestdag | L39: 45763 | O39: goed | P39: nee | R39: X
B40: 21424 | C40: =VLOOKUP(Tabel3[[#This Row],[P-nr]],'data Chauffeur'!A:F,2,FALSE) -> Verstichel | D40: =VLOOKUP(Tabel3[[#This Row],[P-nr]],'data Chauffeur'!A:F,3,FALSE) -> Jethro | E40: =CONCATENATE(Tabel3[[#This Row],[P-nr]]," ",Tabel3[[#This Row],[Naam]]," ",Tabel3[[#This Row],[Voornaam]]) -> 21424 Verstichel Jethro | F40: =VLOOKUP(Tabel3[[#This Row],[P-nr]],'data Chauffeur'!A:F,6) -> Gent stad | G40: =VLOOKUP(Tabel3[[#This Row],[P-nr]],'data Chauffeur'!A:F,4,FALSE) -> Els Dewulf | H40: =VLOOKUP(Tabel3[[#This Row],[P-nr]],'data Chauffeur'!A:F,5,FALSE) -> MV12 | I40: schade | J40: bus | K40: joeri mestdag | L40: 45764 | O40: zeer goed | P40: nee | R40: X
B41: 36425 | C41: =VLOOKUP(Tabel3[[#This Row],[P-nr]],'data Chauffeur'!A:F,2,FALSE) -> Vandekerckhove | D41: =VLOOKUP(Tabel3[[#This Row],[P-nr]],'data Chauffeur'!A:F,3,FALSE) -> Nico | E41: =CONCATENATE(Tabel3[[#This Row],[P-nr]]," ",Tabel3[[#This Row],[Naam]]," ",Tabel3[[#This Row],[Voornaam]]) -> 36425 Vandekerckhove Nico | F41: =VLOOKUP(Tabel3[[#This Row],[P-nr]],'data Chauffeur'!A:F,6) -> Gent stad | G41: =VLOOKUP(Tabel3[[#This Row],[P-nr]],'data Chauffeur'!A:F,4,FALSE) -> Els Vanhoe | H41: =VLOOKUP(Tabel3[[#This Row],[P-nr]],'data Chauffeur'!A:F,5,FALSE) -> B24 | I41: algemene rijstijl/ houding | J41: bus | K41: 20608 Joeri Mestdag | L41: 45765 | M41: wegcode | N41: GSM | O41: slecht | P41: nee | R41: X
B42: 24367 | C42: =VLOOKUP(Tabel3[[#This Row],[P-nr]],'data Chauffeur'!A:F,2,FALSE) -> Tayefeh Arbab | D42: =VLOOKUP(Tabel3[[#This Row],[P-nr]],'data Chauffeur'!A:F,3,FALSE) -> Ali | E42: =CONCATENATE(Tabel3[[#This Row],[P-nr]]," ",Tabel3[[#This Row],[Naam]]," ",Tabel3[[#This Row],[Voornaam]]) -> 24367 Tayefeh Arbab Ali | F42: =VLOOKUP(Tabel3[[#This Row],[P-nr]],'data Chauffeur'!A:F,6) -> Gent stad | G42: =VLOOKUP(Tabel3[[#This Row],[P-nr]],'data Chauffeur'!A:F,4,FALSE) -> Bart Van Der Beken | H42: =VLOOKUP(Tabel3[[#This Row],[P-nr]],'data Chauffeur'!A:F,5,FALSE) -> TL12 | I42: spontane coaching, gsm gebruik tijdens de rijtaak | J42: bus | K42: 20608 Joeri Mestdag | L42: 45770 | M42: wegcode | N42: GSM | O42: onvoldoende | P42: nee | R42: X
B43: 33639 | C43: =VLOOKUP(Tabel3[[#This Row],[P-nr]],'data Chauffeur'!A:F,2,FALSE) -> Van de Velde | D43: =VLOOKUP(Tabel3[[#This Row],[P-nr]],'data Chauffeur'!A:F,3,FALSE) -> Valentijn | E43: =CONCATENATE(Tabel3[[#This Row],[P-nr]]," ",Tabel3[[#This Row],[Naam]]," ",Tabel3[[#This Row],[Voornaam]]) -> 33639 Van de Velde Valentijn | F43: =VLOOKUP(Tabel3[[#This Row],[P-nr]],'data Chauffeur'!A:F,6) -> Gent stad | G43: =VLOOKUP(Tabel3[[#This Row],[P-nr]],'data Chauffeur'!A:F,4,FALSE) -> Lucie Vande Velde | H43: =VLOOKUP(Tabel3[[#This Row],[P-nr]],'data Chauffeur'!A:F,5,FALSE) -> GW10 | I43: spontane coaching | J43: bus | K43: 20608 Joeri Mestdag | L43: 45770 | M43: Klantenzorg | O43: goed | P43: ja | R43: X
B44: 29477 | C44: =VLOOKUP(Tabel3[[#This Row],[P-nr]],'data Chauffeur'!A:F,2,FALSE) -> De Vuyst | D44: =VLOOKUP(Tabel3[[#This Row],[P-nr]],'data Chauffeur'!A:F,3,FALSE) -> Boyke | E44: =CONCATENATE(Tabel3[[#This Row],[P-nr]]," ",Tabel3[[#This Row],[Naam]]," ",Tabel3[[#This Row],[Voornaam]]) -> 29477 De Vuyst Boyke | F44: =VLOOKUP(Tabel3[[#This Row],[P-nr]],'data Chauffeur'!A:F,6) -> Gent stad | G44: =VLOOKUP(Tabel3[[#This Row],[P-nr]],'data Chauffeur'!A:F,4,FALSE) -> Lucie Vande Velde | H44: =VLOOKUP(Tabel3[[#This Row],[P-nr]],'data Chauffeur'!A:F,5,FALSE) -> BD12 | I44: spontane coaching | J44: bus | K44: 26202 Ward Desmet | L44: 45771 | N44: tegenovergestelde spiegel | O44: goed | P44: nee | R44: X
B45: 39829 | C45: =VLOOKUP(Tabel3[[#This Row],[P-nr]],'data Chauffeur'!A:F,2,FALSE) -> Demirkaya | D45: =VLOOKUP(Tabel3[[#This Row],[P-nr]],'data Chauffeur'!A:F,3,FALSE) -> Serkan | E45: =CONCATENATE(Tabel3[[#This Row],[P-nr]]," ",Tabel3[[#This Row],[Naam]]," ",Tabel3[[#This Row],[Voornaam]]) -> 39829 Demirkaya Serkan | F45: =VLOOKUP(Tabel3[[#This Row],[P-nr]],'data Chauffeur'!A:F,6) -> Gent stad | G45: =VLOOKUP(Tabel3[[#This Row],[P-nr]],'data Chauffeur'!A:F,4,FALSE) -> Lucie Vande Velde | H45: =VLOOKUP(Tabel3[[#This Row],[P-nr]],'data Chauffeur'!A:F,5,FALSE) -> RESF | I45: spontane coaching | J45: bus | K45: 26202 Ward Desmet | L45: 45771 | O45: zeer goed | P45: nee | R45: X
B46: 4720 | C46: =VLOOKUP(Tabel3[[#This Row],[P-nr]],'data Chauffeur'!A:F,2,FALSE) -> De Roo | D46: =VLOOKUP(Tabel3[[#This Row],[P-nr]],'data Chauffeur'!A:F,3,FALSE) -> Jo | E46: =CONCATENATE(Tabel3[[#This Row],[P-nr]]," ",Tabel3[[#This Row],[Naam]]," ",Tabel3[[#This Row],[Voornaam]]) -> 4720 De Roo Jo | F46: =VLOOKUP(Tabel3[[#This Row],[P-nr]],'data Chauffeur'!A:F,6) -> #N/A | G46: =VLOOKUP(Tabel3[[#This Row],[P-nr]],'data Chauffeur'!A:F,4,FALSE) -> Els Vanhoe | H46: =VLOOKUP(Tabel3[[#This Row],[P-nr]],'data Chauffeur'!A:F,5,FALSE) -> G09 | J46: tram | K46: 22812 Tom De Clercq | L46: 45771 | O46: onvoldoende | P46: nee | R46: X
B47: 23791 | C47: =VLOOKUP(Tabel3[[#This Row],[P-nr]],'data Chauffeur'!A:F,2,FALSE) -> Baetens | D47: =VLOOKUP(Tabel3[[#This Row],[P-nr]],'data Chauffeur'!A:F,3,FALSE) -> Christine | E47: =CONCATENATE(Tabel3[[#This Row],[P-nr]]," ",Tabel3[[#This Row],[Naam]]," ",Tabel3[[#This Row],[Voornaam]]) -> 23791 Baetens Christine | F47: =VLOOKUP(Tabel3[[#This Row],[P-nr]],'data Chauffeur'!A:F,6) -> Gent stad | G47: =VLOOKUP(Tabel3[[#This Row],[P-nr]],'data Chauffeur'!A:F,4,FALSE) -> Dominique De Clercq | H47: =VLOOKUP(Tabel3[[#This Row],[P-nr]],'data Chauffeur'!A:F,5,FALSE) -> TW24 | J47: tram | K47: 22812 Tom De Clercq | L47: 45771 | O47: goed | R47: X
B48: 14625 | C48: =VLOOKUP(Tabel3[[#This Row],[P-nr]],'data Chauffeur'!A:F,2,FALSE) -> Rodrigue | D48: =VLOOKUP(Tabel3[[#This Row],[P-nr]],'data Chauffeur'!A:F,3,FALSE) -> Vincent | E48: =CONCATENATE(Tabel3[[#This Row],[P-nr]]," ",Tabel3[[#This Row],[Naam]]," ",Tabel3[[#This Row],[Voornaam]]) -> 14625 Rodrigue Vincent | F48: =VLOOKUP(Tabel3[[#This Row],[P-nr]],'data Chauffeur'!A:F,6) -> #N/A | G48: =VLOOKUP(Tabel3[[#This Row],[P-nr]],'data Chauffeur'!A:F,4,FALSE) -> Lucie Vande Velde | H48: =VLOOKUP(Tabel3[[#This Row],[P-nr]],'data Chauffeur'!A:F,5,FALSE) -> G70 | I48: spontane coaching | J48: bus | K48: 26202 Ward Desmet | L48: 45775 | M48: Geen opmerkingen | N48: spiegels | O48: goed | P48: nee | R48: X
B49: 11866 | C49: =VLOOKUP(Tabel3[[#This Row],[P-nr]],'data Chauffeur'!A:F,2,FALSE) -> Bolle | D49: =VLOOKUP(Tabel3[[#This Row],[P-nr]],'data Chauffeur'!A:F,3,FALSE) -> Pascal | E49: =CONCATENATE(Tabel3[[#This Row],[P-nr]]," ",Tabel3[[#This Row],[Naam]]," ",Tabel3[[#This Row],[Voornaam]]) -> 11866 Bolle Pascal | F49: =VLOOKUP(Tabel3[[#This Row],[P-nr]],'data Chauffeur'!A:F,6) -> #N/A | G49: =VLOOKUP(Tabel3[[#This Row],[P-nr]],'data Chauffeur'!A:F,4,FALSE) -> Lucie Vande Velde | H49: =VLOOKUP(Tabel3[[#This Row],[P-nr]],'data Chauffeur'!A:F,5,FALSE) -> TD12 | I49: spontane coaching | J49: tram | K49: 6046 Joel De Maegd | L49: 45775 | M49: snelheden niet gerespecteerd | N49: interne reglementering | O49: voldoende | P49: nee | R49: X
B50: 32168 | C50: =VLOOKUP(Tabel3[[#This Row],[P-nr]],'data Chauffeur'!A:F,2,FALSE) -> Vranken | D50: =VLOOKUP(Tabel3[[#This Row],[P-nr]],'data Chauffeur'!A:F,3,FALSE) -> Zulkifly | E50: =CONCATENATE(Tabel3[[#This Row],[P-nr]]," ",Tabel3[[#This Row],[Naam]]," ",Tabel3[[#This Row],[Voornaam]]) -> 32168 Vranken Zulkifly | F50: =VLOOKUP(Tabel3[[#This Row],[P-nr]],'data Chauffeur'!A:F,6) -> Gent stad | G50: =VLOOKUP(Tabel3[[#This Row],[P-nr]],'data Chauffeur'!A:F,4,FALSE) -> Kenneth De Rick | H50: =VLOOKUP(Tabel3[[#This Row],[P-nr]],'data Chauffeur'!A:F,5,FALSE) -> MW12 | I50: spontane coaching | J50: tram | K50: 6046 Joel De Maegd | L50: 45775 | M50: interne reglementering | N50: voorangsregel / rechts | O50: goed | P50: nee | R50: X
B51: 40036 | C51: =VLOOKUP(Tabel3[[#This Row],[P-nr]],'data Chauffeur'!A:F,2,FALSE) -> Karakaya | D51: =VLOOKUP(Tabel3[[#This Row],[P-nr]],'data Chauffeur'!A:F,3,FALSE) -> Oguz | E51: =CONCATENATE(Tabel3[[#This Row],[P-nr]]," ",Tabel3[[#This Row],[Naam]]," ",Tabel3[[#This Row],[Voornaam]]) -> 40036 Karakaya Oguz | F51: =VLOOKUP(Tabel3[[#This Row],[P-nr]],'data Chauffeur'!A:F,6) -> Gent stad | G51: =VLOOKUP(Tabel3[[#This Row],[P-nr]],'data Chauffeur'!A:F,4,FALSE) -> Dominique De Clercq | H51: =VLOOKUP(Tabel3[[#This Row],[P-nr]],'data Chauffeur'!A:F,5,FALSE) -> RESF | I51: algemene rijstijl/ houding | J51: bus | K51: 16707 Wim Van Hende | L51: 45779 | M51: Klantenzorg | O51: voldoende | P51: nee | R51: X
B52: 12684 | C52: =VLOOKUP(Tabel3[[#This Row],[P-nr]],'data Chauffeur'!A:F,2,FALSE) -> Van Den Bossche | D52: =VLOOKUP(Tabel3[[#This Row],[P-nr]],'data Chauffeur'!A:F,3,FALSE) -> Martine | E52: =CONCATENATE(Tabel3[[#This Row],[P-nr]]," ",Tabel3[[#This Row],[Naam]]," ",Tabel3[[#This Row],[Voornaam]]) -> 12684 Van Den Bossche Martine | F52: =VLOOKUP(Tabel3[[#This Row],[P-nr]],'data Chauffeur'!A:F,6) -> #N/A | G52: =VLOOKUP(Tabel3[[#This Row],[P-nr]],'data Chauffeur'!A:F,4,FALSE) -> Els Vanhoe | H52: =VLOOKUP(Tabel3[[#This Row],[P-nr]],'data Chauffeur'!A:F,5,FALSE) -> G09 | J52: bus | K52: 4707 Peter Schijvens | L52: 45782 | O52: zeer goed | P52: nee | R52: X
A53: ja | B53: 41092 | C53: =VLOOKUP(Tabel3[[#This Row],[P-nr]],'data Chauffeur'!A:F,2,FALSE) -> De Keyser | D53: =VLOOKUP(Tabel3[[#This Row],[P-nr]],'data Chauffeur'!A:F,3,FALSE) -> Dorien | E53: =CONCATENATE(Tabel3[[#This Row],[P-nr]]," ",Tabel3[[#This Row],[Naam]]," ",Tabel3[[#This Row],[Voornaam]]) -> 41092 De Keyser Dorien | F53: =VLOOKUP(Tabel3[[#This Row],[P-nr]],'data Chauffeur'!A:F,6) -> Gent stad | G53: =VLOOKUP(Tabel3[[#This Row],[P-nr]],'data Chauffeur'!A:F,4,FALSE) -> Dominique De Clercq | H53: =VLOOKUP(Tabel3[[#This Row],[P-nr]],'data Chauffeur'!A:F,5,FALSE) -> RESF | I53: ongevallen | J53: bus | K53: 8539 Philippe Vandewalle | L53: 45789 | O53: goed | P53: nee | R53: X
B54: 25679 | C54: =VLOOKUP(Tabel3[[#This Row],[P-nr]],'data Chauffeur'!A:F,2,FALSE) -> Vanrenterghem | D54: =VLOOKUP(Tabel3[[#This Row],[P-nr]],'data Chauffeur'!A:F,3,FALSE) -> Serge | E54: =CONCATENATE(Tabel3[[#This Row],[P-nr]]," ",Tabel3[[#This Row],[Naam]]," ",Tabel3[[#This Row],[Voornaam]]) -> 25679 Vanrenterghem Serge | F54: =VLOOKUP(Tabel3[[#This Row],[P-nr]],'data Chauffeur'!A:F,6) -> Gent stad | G54: =VLOOKUP(Tabel3[[#This Row],[P-nr]],'data Chauffeur'!A:F,4,FALSE) -> Christoff Rotty | H54: =VLOOKUP(Tabel3[[#This Row],[P-nr]],'data Chauffeur'!A:F,5,FALSE) -> M15 | J54: bus | K54: 8538 Philippe Vandewalle | L54: 45789 | O54: goed | R54: X
B55: 40938 | C55: =VLOOKUP(Tabel3[[#This Row],[P-nr]],'data Chauffeur'!A:F,2,FALSE) -> Hasnaoui | D55: =VLOOKUP(Tabel3[[#This Row],[P-nr]],'data Chauffeur'!A:F,3,FALSE) -> Nejmeddine | E55: =CONCATENATE(Tabel3[[#This Row],[P-nr]]," ",Tabel3[[#This Row],[Naam]]," ",Tabel3[[#This Row],[Voornaam]]) -> 40938 Hasnaoui Nejmeddine | F55: =VLOOKUP(Tabel3[[#This Row],[P-nr]],'data Chauffeur'!A:F,6) -> Gent stad | G55: =VLOOKUP(Tabel3[[#This Row],[P-nr]],'data Chauffeur'!A:F,4,FALSE) -> Dominique De Clercq | H55: =VLOOKUP(Tabel3[[#This Row],[P-nr]],'data Chauffeur'!A:F,5,FALSE) -> RESF | I55: algemene rijstijl/ houding | J55: bus | L55: 45790 | M55: voertuigbeheersing | N55: Defensief rijden | O55: voldoende | R55: X
B56: 40138 | C56: =VLOOKUP(Tabel3[[#This Row],[P-nr]],'data Chauffeur'!A:F,2,FALSE) -> Moerman | D56: =VLOOKUP(Tabel3[[#This Row],[P-nr]],'data Chauffeur'!A:F,3,FALSE) -> Tjimmy | E56: =CONCATENATE(Tabel3[[#This Row],[P-nr]]," ",Tabel3[[#This Row],[Naam]]," ",Tabel3[[#This Row],[Voornaam]]) -> 40138 Moerman Tjimmy | F56: =VLOOKUP(Tabel3[[#This Row],[P-nr]],'data Chauffeur'!A:F,6) -> Gent stad | G56: =VLOOKUP(Tabel3[[#This Row],[P-nr]],'data Chauffeur'!A:F,4,FALSE) -> Christoff Rotty | H56: =VLOOKUP(Tabel3[[#This Row],[P-nr]],'data Chauffeur'!A:F,5,FALSE) -> RESF | I56: ongevallen | J56: bus | K56: Teamcoach | L56: 45791 | M56: voertuigbeheersing | N56: Defensief rijden | O56: goed | P56: nee | R56: X
B57: 41348 | C57: =VLOOKUP(Tabel3[[#This Row],[P-nr]],'data Chauffeur'!A:F,2,FALSE) -> Van Huffel | D57: =VLOOKUP(Tabel3[[#This Row],[P-nr]],'data Chauffeur'!A:F,3,FALSE) -> Tim | E57: =CONCATENATE(Tabel3[[#This Row],[P-nr]]," ",Tabel3[[#This Row],[Naam]]," ",Tabel3[[#This Row],[Voornaam]]) -> 41348 Van Huffel Tim | F57: =VLOOKUP(Tabel3[[#This Row],[P-nr]],'data Chauffeur'!A:F,6) -> Gent stad | G57: =VLOOKUP(Tabel3[[#This Row],[P-nr]],'data Chauffeur'!A:F,4,FALSE) -> Christoff Rotty | H57: =VLOOKUP(Tabel3[[#This Row],[P-nr]],'data Chauffeur'!A:F,5,FALSE) -> RESF | I57: snelheid | J57: bus | K57: Teamcoach | L57: 45792 | O57: zeer goed | P57: nee | R57: X
B58: 19917 | C58: =VLOOKUP(Tabel3[[#This Row],[P-nr]],'data Chauffeur'!A:F,2,FALSE) -> Vandevyvere | D58: =VLOOKUP(Tabel3[[#This Row],[P-nr]],'data Chauffeur'!A:F,3,FALSE) -> Frank | E58: =CONCATENATE(Tabel3[[#This Row],[P-nr]]," ",Tabel3[[#This Row],[Naam]]," ",Tabel3[[#This Row],[Voornaam]]) -> 19917 Vandevyvere Frank | F58: =VLOOKUP(Tabel3[[#This Row],[P-nr]],'data Chauffeur'!A:F,6) -> #N/A | G58: =VLOOKUP(Tabel3[[#This Row],[P-nr]],'data Chauffeur'!A:F,4,FALSE) -> Bart Van Der Beken | H58: =VLOOKUP(Tabel3[[#This Row],[P-nr]],'data Chauffeur'!A:F,5,FALSE) -> GW09 | I58: wegcode, na negatieve coaching | J58: bus | K58: 16707 Wim Van Hende | L58: 45793 | M58: interne reglementering | N58: oortjes | O58: onvoldoende | P58: ja | R58: X
B59: 38475 | C59: =VLOOKUP(Tabel3[[#This Row],[P-nr]],'data Chauffeur'!A:F,2,FALSE) -> Verschraegen | D59: =VLOOKUP(Tabel3[[#This Row],[P-nr]],'data Chauffeur'!A:F,3,FALSE) -> Katleen | E59: =CONCATENATE(Tabel3[[#This Row],[P-nr]]," ",Tabel3[[#This Row],[Naam]]," ",Tabel3[[#This Row],[Voornaam]]) -> 38475 Verschraegen Katleen | F59: =VLOOKUP(Tabel3[[#This Row],[P-nr]],'data Chauffeur'!A:F,6) -> Gent stad | G59: =VLOOKUP(Tabel3[[#This Row],[P-nr]],'data Chauffeur'!A:F,4,FALSE) -> Els Dewulf | H59: =VLOOKUP(Tabel3[[#This Row],[P-nr]],'data Chauffeur'!A:F,5,FALSE) -> BR15 | J59: bus | K59: 26202 Ward Desmet | L59: 45793 | M59: meer spiegel gebruik | N59: te ver op kruispunt om linksaf te draaien | O59: goed | P59: nee | R59: X
B60: 39654 | C60: =VLOOKUP(Tabel3[[#This Row],[P-nr]],'data Chauffeur'!A:F,2,FALSE) -> Camacho Encarnacion | D60: =VLOOKUP(Tabel3[[#This Row],[P-nr]],'data Chauffeur'!A:F,3,FALSE) -> Lisandro Javier | E60: =CONCATENATE(Tabel3[[#This Row],[P-nr]]," ",Tabel3[[#This Row],[Naam]]," ",Tabel3[[#This Row],[Voornaam]]) -> 39654 Camacho Encarnacion Lisandro Javier | F60: =VLOOKUP(Tabel3[[#This Row],[P-nr]],'data Chauffeur'!A:F,6) -> Gent stad | G60: =VLOOKUP(Tabel3[[#This Row],[P-nr]],'data Chauffeur'!A:F,4,FALSE) -> Kenneth De Rick | H60: =VLOOKUP(Tabel3[[#This Row],[P-nr]],'data Chauffeur'!A:F,5,FALSE) -> RESF | I60: spontane coaching | J60: bus | K60: 26202 Ward Desmet | L60: 45793 | M60: rem | N60: tegenovergestelde spiegel | O60: voldoende | P60: nee | R60: X
B61: 40478 | C61: =VLOOKUP(Tabel3[[#This Row],[P-nr]],'data Chauffeur'!A:F,2,FALSE) -> Hashimi | D61: =VLOOKUP(Tabel3[[#This Row],[P-nr]],'data Chauffeur'!A:F,3,FALSE) -> Ali Mir | E61: =CONCATENATE(Tabel3[[#This Row],[P-nr]]," ",Tabel3[[#This Row],[Naam]]," ",Tabel3[[#This Row],[Voornaam]]) -> 40478 Hashimi Ali Mir | F61: =VLOOKUP(Tabel3[[#This Row],[P-nr]],'data Chauffeur'!A:F,6) -> Gent stad | G61: =VLOOKUP(Tabel3[[#This Row],[P-nr]],'data Chauffeur'!A:F,4,FALSE) -> Bart Van Der Beken | H61: =VLOOKUP(Tabel3[[#This Row],[P-nr]],'data Chauffeur'!A:F,5,FALSE) -> RESF | I61: Nav. remtechniek, verschillende maanden hoge eco louter door aandeel remmingen | J61: bus | K61: Teamcoach | L61: 45796 | M61: gsm gebruik | O61: onvoldoende | R61: X
B62: 40652 | C62: =VLOOKUP(Tabel3[[#This Row],[P-nr]],'data Chauffeur'!A:F,2,FALSE) -> Van Damme | D62: =VLOOKUP(Tabel3[[#This Row],[P-nr]],'data Chauffeur'!A:F,3,FALSE) -> Gilyann | E62: =CONCATENATE(Tabel3[[#This Row],[P-nr]]," ",Tabel3[[#This Row],[Naam]]," ",Tabel3[[#This Row],[Voornaam]]) -> 40652 Van Damme Gilyann | F62: =VLOOKUP(Tabel3[[#This Row],[P-nr]],'data Chauffeur'!A:F,6) -> Gent stad | G62: =VLOOKUP(Tabel3[[#This Row],[P-nr]],'data Chauffeur'!A:F,4,FALSE) -> Els Vanhoe | H62: =VLOOKUP(Tabel3[[#This Row],[P-nr]],'data Chauffeur'!A:F,5,FALSE) -> RESF | I62: schade+rijstijl | J62: bus | K62: Teamcoach | L62: 45803 | O62: goed | P62: nee | R62: X
B63: 37950 | C63: De Naegel | D63: =VLOOKUP(Tabel3[[#This Row],[P-nr]],'data Chauffeur'!A:F,3,FALSE) -> Bruno | E63: =CONCATENATE(Tabel3[[#This Row],[P-nr]]," ",Tabel3[[#This Row],[Naam]]," ",Tabel3[[#This Row],[Voornaam]]) -> 37950 De Naegel Bruno | F63: =VLOOKUP(Tabel3[[#This Row],[P-nr]],'data Chauffeur'!A:F,6) -> Gent stad | G63: =VLOOKUP(Tabel3[[#This Row],[P-nr]],'data Chauffeur'!A:F,4,FALSE) -> Dominique De Clercq | H63: =VLOOKUP(Tabel3[[#This Row],[P-nr]],'data Chauffeur'!A:F,5,FALSE) -> BO15 | I63: spontane coaching | J63: bus | K63: 24577 Thierry De Vlieger | L63: 45803 | O63: goed | P63: nee | R63: X
B64: 40938 | C64: Hasnaoui | D64: =VLOOKUP(Tabel3[[#This Row],[P-nr]],'data Chauffeur'!A:F,3,FALSE) -> Nejmeddine | E64: =CONCATENATE(Tabel3[[#This Row],[P-nr]]," ",Tabel3[[#This Row],[Naam]]," ",Tabel3[[#This Row],[Voornaam]]) -> 40938 Hasnaoui Nejmeddine | F64: =VLOOKUP(Tabel3[[#This Row],[P-nr]],'data Chauffeur'!A:F,6) -> Gent stad | G64: =VLOOKUP(Tabel3[[#This Row],[P-nr]],'data Chauffeur'!A:F,4,FALSE) -> Dominique De Clercq | H64: =VLOOKUP(Tabel3[[#This Row],[P-nr]],'data Chauffeur'!A:F,5,FALSE) -> RESF | I64: spontane coaching | J64: bus | K64: 24577 Thierry De Vlieger | L64: 45803 | M64: gsm gebruik | O64: goed | R64: X
B65: 36426 | C65: Mohamed Yassin | D65: =VLOOKUP(Tabel3[[#This Row],[P-nr]],'data Chauffeur'!A:F,3,FALSE) -> Abdulhamid | E65: =CONCATENATE(Tabel3[[#This Row],[P-nr]]," ",Tabel3[[#This Row],[Naam]]," ",Tabel3[[#This Row],[Voornaam]]) -> 36426 Mohamed Yassin Abdulhamid | F65: =VLOOKUP(Tabel3[[#This Row],[P-nr]],'data Chauffeur'!A:F,6) -> Gent stad | G65: =VLOOKUP(Tabel3[[#This Row],[P-nr]],'data Chauffeur'!A:F,4,FALSE) -> Bart Van Der Beken | H65: =VLOOKUP(Tabel3[[#This Row],[P-nr]],'data Chauffeur'!A:F,5,FALSE) -> MW12 | I65: spontane coaching | J65: bus | K65: 24577 Thierry De Vlieger | L65: 45803 | M65: snelheden niet gerespecteerd | N65: rijcomfort | O65: voldoende | P65: ja | R65: X
B66: 40443 | C66: =VLOOKUP(Tabel3[[#This Row],[P-nr]],'data Chauffeur'!A:F,2,FALSE) -> Fakash | D66: =VLOOKUP(Tabel3[[#This Row],[P-nr]],'data Chauffeur'!A:F,3,FALSE) -> Mahmoud | E66: =CONCATENATE(Tabel3[[#This Row],[P-nr]]," ",Tabel3[[#This Row],[Naam]]," ",Tabel3[[#This Row],[Voornaam]]) -> 40443 Fakash Mahmoud | F66: =VLOOKUP(Tabel3[[#This Row],[P-nr]],'data Chauffeur'!A:F,6) -> Gent stad | G66: =VLOOKUP(Tabel3[[#This Row],[P-nr]],'data Chauffeur'!A:F,4,FALSE) -> Bart Van Der Beken | H66: =VLOOKUP(Tabel3[[#This Row],[P-nr]],'data Chauffeur'!A:F,5,FALSE) -> RESF | I66: spontane coaching | J66: bus | K66: 24577 Thierry De Vlieger | L66: 45803 | M66: snelheden niet gerespecteerd | O66: goed | P66: nee | R66: X
B67: 40859 | C67: Abdelali | D67: =VLOOKUP(Tabel3[[#This Row],[P-nr]],'data Chauffeur'!A:F,3,FALSE) -> Abdelali | E67: =CONCATENATE(Tabel3[[#This Row],[P-nr]]," ",Tabel3[[#This Row],[Naam]]," ",Tabel3[[#This Row],[Voornaam]]) -> 40859 Abdelali Abdelali | F67: =VLOOKUP(Tabel3[[#This Row],[P-nr]],'data Chauffeur'!A:F,6) -> Gent stad | G67: =VLOOKUP(Tabel3[[#This Row],[P-nr]],'data Chauffeur'!A:F,4,FALSE) -> Els Vanhoe | H67: =VLOOKUP(Tabel3[[#This Row],[P-nr]],'data Chauffeur'!A:F,5,FALSE) -> RESF | I67: spontane coaching | J67: bus | K67: 24577 Thierry De Vlieger | L67: 45803 | O67: goed | R67: X
A68: ja | B68: 36354 | C68: =VLOOKUP(Tabel3[[#This Row],[P-nr]],'data Chauffeur'!A:F,2,FALSE) -> El Aaddam | D68: =VLOOKUP(Tabel3[[#This Row],[P-nr]],'data Chauffeur'!A:F,3,FALSE) -> Hodayfa | E68: =CONCATENATE(Tabel3[[#This Row],[P-nr]]," ",Tabel3[[#This Row],[Naam]]," ",Tabel3[[#This Row],[Voornaam]]) -> 36354 El Aaddam Hodayfa | F68: =VLOOKUP(Tabel3[[#This Row],[P-nr]],'data Chauffeur'!A:F,6) -> Gent stad | G68: =VLOOKUP(Tabel3[[#This Row],[P-nr]],'data Chauffeur'!A:F,4,FALSE) -> Els Vanhoe | H68: =VLOOKUP(Tabel3[[#This Row],[P-nr]],'data Chauffeur'!A:F,5,FALSE) -> RESF | J68: bus | L68: 45812 | M68: wegcode | N68: GSM | O68: onvoldoende | P68: ja | R68: X
B69: 38691 | C69: =VLOOKUP(Tabel3[[#This Row],[P-nr]],'data Chauffeur'!A:F,2,FALSE) -> Muys | D69: =VLOOKUP(Tabel3[[#This Row],[P-nr]],'data Chauffeur'!A:F,3,FALSE) -> Aäron | E69: =CONCATENATE(Tabel3[[#This Row],[P-nr]]," ",Tabel3[[#This Row],[Naam]]," ",Tabel3[[#This Row],[Voornaam]]) -> 38691 Muys Aäron | F69: =VLOOKUP(Tabel3[[#This Row],[P-nr]],'data Chauffeur'!A:F,6) -> Gent stad | G69: =VLOOKUP(Tabel3[[#This Row],[P-nr]],'data Chauffeur'!A:F,4,FALSE) -> Els Dewulf | H69: =VLOOKUP(Tabel3[[#This Row],[P-nr]],'data Chauffeur'!A:F,5,FALSE) -> RESF | I69: spontane coaching | J69: bus | K69: 20608 Joeri Mestdag | L69: 45812 | M69: wegcode | N69: snelheid | O69: goed | P69: nee | R69: X
B70: 37543 | C70: =VLOOKUP(Tabel3[[#This Row],[P-nr]],'data Chauffeur'!A:F,2,FALSE) -> Öztürk | D70: =VLOOKUP(Tabel3[[#This Row],[P-nr]],'data Chauffeur'!A:F,3,FALSE) -> Bilgehan | E70: =CONCATENATE(Tabel3[[#This Row],[P-nr]]," ",Tabel3[[#This Row],[Naam]]," ",Tabel3[[#This Row],[Voornaam]]) -> 37543 Öztürk Bilgehan | F70: =VLOOKUP(Tabel3[[#This Row],[P-nr]],'data Chauffeur'!A:F,6) -> Gent stad | G70: =VLOOKUP(Tabel3[[#This Row],[P-nr]],'data Chauffeur'!A:F,4,FALSE) -> Kenneth De Rick | H70: =VLOOKUP(Tabel3[[#This Row],[P-nr]],'data Chauffeur'!A:F,5,FALSE) -> RESF | K70: 20609 Joeri Mestdag | L70: 45812 | M70: wegcode | O70: voldoende | P70: nee | R70: X
B71: 38580 | C71: =VLOOKUP(Tabel3[[#This Row],[P-nr]],'data Chauffeur'!A:F,2,FALSE) -> Smajla | D71: =VLOOKUP(Tabel3[[#This Row],[P-nr]],'data Chauffeur'!A:F,3,FALSE) -> Samet | E71: =CONCATENATE(Tabel3[[#This Row],[P-nr]]," ",Tabel3[[#This Row],[Naam]]," ",Tabel3[[#This Row],[Voornaam]]) -> 38580 Smajla Samet | F71: =VLOOKUP(Tabel3[[#This Row],[P-nr]],'data Chauffeur'!A:F,6) -> Gent stad | G71: =VLOOKUP(Tabel3[[#This Row],[P-nr]],'data Chauffeur'!A:F,4,FALSE) -> Els Dewulf | H71: =VLOOKUP(Tabel3[[#This Row],[P-nr]],'data Chauffeur'!A:F,5,FALSE) -> RESF | J71: bus | K71: 4707 Peter Schijvens | L71: 45821 | M71: interne reglementering | O71: goed | P71: nee | R71: X
B72: 21506 | C72: =VLOOKUP(Tabel3[[#This Row],[P-nr]],'data Chauffeur'!A:F,2,FALSE) -> Kesteloot | D72: =VLOOKUP(Tabel3[[#This Row],[P-nr]],'data Chauffeur'!A:F,3,FALSE) -> Patrick | E72: =CONCATENATE(Tabel3[[#This Row],[P-nr]]," ",Tabel3[[#This Row],[Naam]]," ",Tabel3[[#This Row],[Voornaam]]) -> 21506 Kesteloot Patrick | F72: =VLOOKUP(Tabel3[[#This Row],[P-nr]],'data Chauffeur'!A:F,6) -> Gent stad | G72: =VLOOKUP(Tabel3[[#This Row],[P-nr]],'data Chauffeur'!A:F,4,FALSE) -> Steven Storm | H72: =VLOOKUP(Tabel3[[#This Row],[P-nr]],'data Chauffeur'!A:F,5,FALSE) -> TW24 | J72: bus | K72: 4708 Peter Schijvens | L72: 45821 | O72: zeer goed | P72: nee | R72: X
B73: 40200 | C73: =VLOOKUP(Tabel3[[#This Row],[P-nr]],'data Chauffeur'!A:F,2,FALSE) -> Shahriyari | D73: =VLOOKUP(Tabel3[[#This Row],[P-nr]],'data Chauffeur'!A:F,3,FALSE) -> Khalil | E73: =CONCATENATE(Tabel3[[#This Row],[P-nr]]," ",Tabel3[[#This Row],[Naam]]," ",Tabel3[[#This Row],[Voornaam]]) -> 40200 Shahriyari Khalil | F73: =VLOOKUP(Tabel3[[#This Row],[P-nr]],'data Chauffeur'!A:F,6) -> Gent stad | G73: =VLOOKUP(Tabel3[[#This Row],[P-nr]],'data Chauffeur'!A:F,4,FALSE) -> Dominique De Clercq | H73: =VLOOKUP(Tabel3[[#This Row],[P-nr]],'data Chauffeur'!A:F,5,FALSE) -> RESF | J73: bus | K73: 4709 Peter Schijvens | L73: 45821 | O73: voldoende | P73: nee | R73: X
B74: 40294 | C74: =VLOOKUP(Tabel3[[#This Row],[P-nr]],'data Chauffeur'!A:F,2,FALSE) -> Khder | D74: =VLOOKUP(Tabel3[[#This Row],[P-nr]],'data Chauffeur'!A:F,3,FALSE) -> Aram | E74: =CONCATENATE(Tabel3[[#This Row],[P-nr]]," ",Tabel3[[#This Row],[Naam]]," ",Tabel3[[#This Row],[Voornaam]]) -> 40294 Khder Aram | F74: =VLOOKUP(Tabel3[[#This Row],[P-nr]],'data Chauffeur'!A:F,6) -> Gent stad | G74: =VLOOKUP(Tabel3[[#This Row],[P-nr]],'data Chauffeur'!A:F,4,FALSE) -> Christoff Rotty | H74: =VLOOKUP(Tabel3[[#This Row],[P-nr]],'data Chauffeur'!A:F,5,FALSE) -> RESF | J74: bus | K74: 20608 Joeri Mestdag | L74: 45821 | M74: wegcode | O74: goed | R74: X
B75: 39712 | C75: =VLOOKUP(Tabel3[[#This Row],[P-nr]],'data Chauffeur'!A:F,2,FALSE) -> Repaj | D75: =VLOOKUP(Tabel3[[#This Row],[P-nr]],'data Chauffeur'!A:F,3,FALSE) -> Ramazan | E75: =CONCATENATE(Tabel3[[#This Row],[P-nr]]," ",Tabel3[[#This Row],[Naam]]," ",Tabel3[[#This Row],[Voornaam]]) -> 39712 Repaj Ramazan | F75: =VLOOKUP(Tabel3[[#This Row],[P-nr]],'data Chauffeur'!A:F,6) -> Gent stad | G75: =VLOOKUP(Tabel3[[#This Row],[P-nr]],'data Chauffeur'!A:F,4,FALSE) -> Bart Van Der Beken | H75: =VLOOKUP(Tabel3[[#This Row],[P-nr]],'data Chauffeur'!A:F,5,FALSE) -> RESF | K75: 20608 Joeri Mestdag | L75: 45821 | M75: wegcode | N75: GSM | O75: voldoende | R75: X
B76: 29746 | C76: =VLOOKUP(Tabel3[[#This Row],[P-nr]],'data Chauffeur'!A:F,2,FALSE) -> Huyse | D76: =VLOOKUP(Tabel3[[#This Row],[P-nr]],'data Chauffeur'!A:F,3,FALSE) -> Annicke | E76: =CONCATENATE(Tabel3[[#This Row],[P-nr]]," ",Tabel3[[#This Row],[Naam]]," ",Tabel3[[#This Row],[Voornaam]]) -> 29746 Huyse Annicke | F76: =VLOOKUP(Tabel3[[#This Row],[P-nr]],'data Chauffeur'!A:F,6) -> Gent stad | G76: =VLOOKUP(Tabel3[[#This Row],[P-nr]],'data Chauffeur'!A:F,4,FALSE) -> Bart Van Der Beken | H76: =VLOOKUP(Tabel3[[#This Row],[P-nr]],'data Chauffeur'!A:F,5,FALSE) -> B24 | I76: spontane coaching | J76: bus | K76: 20608 Joeri Mestdag | L76: 45824 | M76: Klantenzorg | N76: snelheid | O76: goed | P76: nee | R76: X
B77: 41520 | C77: =VLOOKUP(Tabel3[[#This Row],[P-nr]],'data Chauffeur'!A:F,2,FALSE) -> Smets | D77: =VLOOKUP(Tabel3[[#This Row],[P-nr]],'data Chauffeur'!A:F,3,FALSE) -> Avery | E77: =CONCATENATE(Tabel3[[#This Row],[P-nr]]," ",Tabel3[[#This Row],[Naam]]," ",Tabel3[[#This Row],[Voornaam]]) -> 41520 Smets Avery | F77: =VLOOKUP(Tabel3[[#This Row],[P-nr]],'data Chauffeur'!A:F,6) -> Gent stad | G77: =VLOOKUP(Tabel3[[#This Row],[P-nr]],'data Chauffeur'!A:F,4,FALSE) -> Christoff Rotty | H77: =VLOOKUP(Tabel3[[#This Row],[P-nr]],'data Chauffeur'!A:F,5,FALSE) -> RESF | J77: bus | K77: 4710 Peter Schijvens | L77: 45824 | O77: zeer goed | P77: nee | R77: X
B78: 40414 | C78: =VLOOKUP(Tabel3[[#This Row],[P-nr]],'data Chauffeur'!A:F,2,FALSE) -> Ennakaba | D78: =VLOOKUP(Tabel3[[#This Row],[P-nr]],'data Chauffeur'!A:F,3,FALSE) -> Khaoula | E78: =CONCATENATE(Tabel3[[#This Row],[P-nr]]," ",Tabel3[[#This Row],[Naam]]," ",Tabel3[[#This Row],[Voornaam]]) -> 40414 Ennakaba Khaoula | F78: =VLOOKUP(Tabel3[[#This Row],[P-nr]],'data Chauffeur'!A:F,6) -> Gent stad | G78: =VLOOKUP(Tabel3[[#This Row],[P-nr]],'data Chauffeur'!A:F,4,FALSE) -> Steven Storm | H78: =VLOOKUP(Tabel3[[#This Row],[P-nr]],'data Chauffeur'!A:F,5,FALSE) -> RESF | I78: spontane coaching | J78: bus | K78: 17552 Daisy De Geyter | L78: 45825 | M78: uniform | O78: zeer goed | P78: nee | R78: X
A79: ja | B79: 39930 | C79: =VLOOKUP(Tabel3[[#This Row],[P-nr]],'data Chauffeur'!A:F,2,FALSE) -> Mirazai | D79: =VLOOKUP(Tabel3[[#This Row],[P-nr]],'data Chauffeur'!A:F,3,FALSE) -> Rahmatullah | E79: =CONCATENATE(Tabel3[[#This Row],[P-nr]]," ",Tabel3[[#This Row],[Naam]]," ",Tabel3[[#This Row],[Voornaam]]) -> 39930 Mirazai Rahmatullah | F79: =VLOOKUP(Tabel3[[#This Row],[P-nr]],'data Chauffeur'!A:F,6) -> Gent stad | G79: =VLOOKUP(Tabel3[[#This Row],[P-nr]],'data Chauffeur'!A:F,4,FALSE) -> Christoff Rotty | H79: =VLOOKUP(Tabel3[[#This Row],[P-nr]],'data Chauffeur'!A:F,5,FALSE) -> RESF | I79: snelheid/ negatieve coaching | J79: bus | K79: 20608 Joeri Mestdag | L79: 45826 | M79: voertuigbeheersing | N79: uniform | O79: goed | P79: nee | R79: X
B80: 12173 | C80: =VLOOKUP(Tabel3[[#This Row],[P-nr]],'data Chauffeur'!A:F,2,FALSE) -> De Feyter | D80: =VLOOKUP(Tabel3[[#This Row],[P-nr]],'data Chauffeur'!A:F,3,FALSE) -> David | E80: =CONCATENATE(Tabel3[[#This Row],[P-nr]]," ",Tabel3[[#This Row],[Naam]]," ",Tabel3[[#This Row],[Voornaam]]) -> 12173 De Feyter David | F80: =VLOOKUP(Tabel3[[#This Row],[P-nr]],'data Chauffeur'!A:F,6) -> #N/A | G80: =VLOOKUP(Tabel3[[#This Row],[P-nr]],'data Chauffeur'!A:F,4,FALSE) -> Els Vanhoe | H80: =VLOOKUP(Tabel3[[#This Row],[P-nr]],'data Chauffeur'!A:F,5,FALSE) -> SW05 | I80: Spontane coaching | J80: bus | K80: 20608 Joeri Mestdag | L80: 45826 | O80: zeer goed | R80: X
A81: ja | B81: 39850 | C81: =VLOOKUP(Tabel3[[#This Row],[P-nr]],'data Chauffeur'!A:F,2,FALSE) -> Helleputte | D81: =VLOOKUP(Tabel3[[#This Row],[P-nr]],'data Chauffeur'!A:F,3,FALSE) -> William | E81: =CONCATENATE(Tabel3[[#This Row],[P-nr]]," ",Tabel3[[#This Row],[Naam]]," ",Tabel3[[#This Row],[Voornaam]]) -> 39850 Helleputte William | F81: =VLOOKUP(Tabel3[[#This Row],[P-nr]],'data Chauffeur'!A:F,6) -> Gent stad | G81: =VLOOKUP(Tabel3[[#This Row],[P-nr]],'data Chauffeur'!A:F,4,FALSE) -> Dominique De Clercq | H81: =VLOOKUP(Tabel3[[#This Row],[P-nr]],'data Chauffeur'!A:F,5,FALSE) -> RESF | I81: algemene rijstijl/ houding | L81: 45826 | O81: goed | R81: X
B82: 40745 | C82: =VLOOKUP(Tabel3[[#This Row],[P-nr]],'data Chauffeur'!A:F,2,FALSE) -> Ivanov | D82: =VLOOKUP(Tabel3[[#This Row],[P-nr]],'data Chauffeur'!A:F,3,FALSE) -> Ivan | E82: =CONCATENATE(Tabel3[[#This Row],[P-nr]]," ",Tabel3[[#This Row],[Naam]]," ",Tabel3[[#This Row],[Voornaam]]) -> 40745 Ivanov Ivan | F82: =VLOOKUP(Tabel3[[#This Row],[P-nr]],'data Chauffeur'!A:F,6) -> Gent stad | G82: =VLOOKUP(Tabel3[[#This Row],[P-nr]],'data Chauffeur'!A:F,4,FALSE) -> Bart Van Der Beken | H82: =VLOOKUP(Tabel3[[#This Row],[P-nr]],'data Chauffeur'!A:F,5,FALSE) -> RESF | L82: 45826 | O82: zeer goed | P82: nee | R82: X
B83: 38047 | C83: =VLOOKUP(Tabel3[[#This Row],[P-nr]],'data Chauffeur'!A:F,2,FALSE) -> Aljorof | D83: =VLOOKUP(Tabel3[[#This Row],[P-nr]],'data Chauffeur'!A:F,3,FALSE) -> Marwan | E83: =CONCATENATE(Tabel3[[#This Row],[P-nr]]," ",Tabel3[[#This Row],[Naam]]," ",Tabel3[[#This Row],[Voornaam]]) -> 38047 Aljorof Marwan | F83: =VLOOKUP(Tabel3[[#This Row],[P-nr]],'data Chauffeur'!A:F,6) -> Gent stad | G83: =VLOOKUP(Tabel3[[#This Row],[P-nr]],'data Chauffeur'!A:F,4,FALSE) -> Christoff Rotty | H83: =VLOOKUP(Tabel3[[#This Row],[P-nr]],'data Chauffeur'!A:F,5,FALSE) -> RESF | K83: 17552 Daisy De Geyter | L83: 45826 | O83: voldoende | R83: X
B84: 31360 | C84: =VLOOKUP(Tabel3[[#This Row],[P-nr]],'data Chauffeur'!A:F,2,FALSE) -> Simsek | D84: =VLOOKUP(Tabel3[[#This Row],[P-nr]],'data Chauffeur'!A:F,3,FALSE) -> Fatih | E84: =CONCATENATE(Tabel3[[#This Row],[P-nr]]," ",Tabel3[[#This Row],[Naam]]," ",Tabel3[[#This Row],[Voornaam]]) -> 31360 Simsek Fatih | F84: =VLOOKUP(Tabel3[[#This Row],[P-nr]],'data Chauffeur'!A:F,6) -> Gent stad | G84: =VLOOKUP(Tabel3[[#This Row],[P-nr]],'data Chauffeur'!A:F,4,FALSE) -> Dominique De Clercq | H84: =VLOOKUP(Tabel3[[#This Row],[P-nr]],'data Chauffeur'!A:F,5,FALSE) -> ML12 | K84: 17552 | L84: 45826 | M84: wegcode | N84: snelheid | O84: voldoende | R84: X
B85: 35220 | C85: =VLOOKUP(Tabel3[[#This Row],[P-nr]],'data Chauffeur'!A:F,2,FALSE) -> Akmese | D85: =VLOOKUP(Tabel3[[#This Row],[P-nr]],'data Chauffeur'!A:F,3,FALSE) -> Ahmet | E85: =CONCATENATE(Tabel3[[#This Row],[P-nr]]," ",Tabel3[[#This Row],[Naam]]," ",Tabel3[[#This Row],[Voornaam]]) -> 35220 Akmese Ahmet | F85: =VLOOKUP(Tabel3[[#This Row],[P-nr]],'data Chauffeur'!A:F,6) -> Gent stad | G85: =VLOOKUP(Tabel3[[#This Row],[P-nr]],'data Chauffeur'!A:F,4,FALSE) -> Lucie Vande Velde | H85: =VLOOKUP(Tabel3[[#This Row],[P-nr]],'data Chauffeur'!A:F,5,FALSE) -> B09 | I85: spontane coaching | J85: bus | K85: 20608 Joeri Mestdag | L85: 45833 | O85: goed | R85: X
B86: 36627 | C86: =VLOOKUP(Tabel3[[#This Row],[P-nr]],'data Chauffeur'!A:F,2,FALSE) -> Dobbelaere | D86: =VLOOKUP(Tabel3[[#This Row],[P-nr]],'data Chauffeur'!A:F,3,FALSE) -> David | E86: =CONCATENATE(Tabel3[[#This Row],[P-nr]]," ",Tabel3[[#This Row],[Naam]]," ",Tabel3[[#This Row],[Voornaam]]) -> 36627 Dobbelaere David | F86: =VLOOKUP(Tabel3[[#This Row],[P-nr]],'data Chauffeur'!A:F,6) -> Gent stad | G86: =VLOOKUP(Tabel3[[#This Row],[P-nr]],'data Chauffeur'!A:F,4,FALSE) -> Els Dewulf | H86: =VLOOKUP(Tabel3[[#This Row],[P-nr]],'data Chauffeur'!A:F,5,FALSE) -> B24 | I86: spontane coaching | J86: bus | K86: 20608 Joeri Mestdag | L86: 45833 | M86: wegcode | O86: voldoende | R86: X
B87: 39858 | C87: =VLOOKUP(Tabel3[[#This Row],[P-nr]],'data Chauffeur'!A:F,2,FALSE) -> Jacobs | D87: =VLOOKUP(Tabel3[[#This Row],[P-nr]],'data Chauffeur'!A:F,3,FALSE) -> Elos | E87: =CONCATENATE(Tabel3[[#This Row],[P-nr]]," ",Tabel3[[#This Row],[Naam]]," ",Tabel3[[#This Row],[Voornaam]]) -> 39858 Jacobs Elos | F87: =VLOOKUP(Tabel3[[#This Row],[P-nr]],'data Chauffeur'!A:F,6) -> Gent stad | G87: =VLOOKUP(Tabel3[[#This Row],[P-nr]],'data Chauffeur'!A:F,4,FALSE) -> Els Dewulf | H87: =VLOOKUP(Tabel3[[#This Row],[P-nr]],'data Chauffeur'!A:F,5,FALSE) -> RESF | I87: spontane coaching | J87: bus | K87: 24577 Thierry De Vlieger | L87: 45838 | M87: snelheden niet gerespecteerd | N87: correct uitvoeren van haltering | O87: onvoldoende | P87: ja | R87: X
B88: 41520 | C88: =VLOOKUP(Tabel3[[#This Row],[P-nr]],'data Chauffeur'!A:F,2,FALSE) -> Smets | D88: =VLOOKUP(Tabel3[[#This Row],[P-nr]],'data Chauffeur'!A:F,3,FALSE) -> Avery | E88: =CONCATENATE(Tabel3[[#This Row],[P-nr]]," ",Tabel3[[#This Row],[Naam]]," ",Tabel3[[#This Row],[Voornaam]]) -> 41520 Smets Avery | F88: =VLOOKUP(Tabel3[[#This Row],[P-nr]],'data Chauffeur'!A:F,6) -> Gent stad | G88: =VLOOKUP(Tabel3[[#This Row],[P-nr]],'data Chauffeur'!A:F,4,FALSE) -> Christoff Rotty | H88: =VLOOKUP(Tabel3[[#This Row],[P-nr]],'data Chauffeur'!A:F,5,FALSE) -> RESF | I88: spontane coaching | J88: bus | K88: 24577 Thierry De Vlieger | L88: 45838 | M88: meer spiegel gebruik | N88: aandacht voor correct stuurgebruik | O88: goed | P88: nee | R88: X
B89: 17951 | C89: =VLOOKUP(Tabel3[[#This Row],[P-nr]],'data Chauffeur'!A:F,2,FALSE) -> Lega | D89: =VLOOKUP(Tabel3[[#This Row],[P-nr]],'data Chauffeur'!A:F,3,FALSE) -> Claude | E89: =CONCATENATE(Tabel3[[#This Row],[P-nr]]," ",Tabel3[[#This Row],[Naam]]," ",Tabel3[[#This Row],[Voornaam]]) -> 17951 Lega Claude | F89: =VLOOKUP(Tabel3[[#This Row],[P-nr]],'data Chauffeur'!A:F,6) -> #N/A | G89: =VLOOKUP(Tabel3[[#This Row],[P-nr]],'data Chauffeur'!A:F,4,FALSE) -> Bart Van Der Beken | H89: =VLOOKUP(Tabel3[[#This Row],[P-nr]],'data Chauffeur'!A:F,5,FALSE) -> RESV | I89: spontane coaching | J89: tram | K89: 25875 Debby Verstockt | L89: 45838 | N89: 45838 | O89: voldoende | R89: X
B90: 20400 | C90: =VLOOKUP(Tabel3[[#This Row],[P-nr]],'data Chauffeur'!A:F,2,FALSE) -> Allan | D90: =VLOOKUP(Tabel3[[#This Row],[P-nr]],'data Chauffeur'!A:F,3,FALSE) -> Kenneth | E90: =CONCATENATE(Tabel3[[#This Row],[P-nr]]," ",Tabel3[[#This Row],[Naam]]," ",Tabel3[[#This Row],[Voornaam]]) -> 20400 Allan Kenneth | F90: =VLOOKUP(Tabel3[[#This Row],[P-nr]],'data Chauffeur'!A:F,6) -> #N/A | G90: =VLOOKUP(Tabel3[[#This Row],[P-nr]],'data Chauffeur'!A:F,4,FALSE) -> Dominique De Clercq | H90: =VLOOKUP(Tabel3[[#This Row],[P-nr]],'data Chauffeur'!A:F,5,FALSE) -> RESV | I90: spontane coaching | J90: tram | K90: 25875 Debby Verstockt | L90: 45838 | O90: goed | R90: X
B91: 36512 | C91: =VLOOKUP(Tabel3[[#This Row],[P-nr]],'data Chauffeur'!A:F,2,FALSE) -> Van Herreweghe | D91: =VLOOKUP(Tabel3[[#This Row],[P-nr]],'data Chauffeur'!A:F,3,FALSE) -> Branco | E91: =CONCATENATE(Tabel3[[#This Row],[P-nr]]," ",Tabel3[[#This Row],[Naam]]," ",Tabel3[[#This Row],[Voornaam]]) -> 36512 Van Herreweghe Branco | F91: =VLOOKUP(Tabel3[[#This Row],[P-nr]],'data Chauffeur'!A:F,6) -> Gent stad | G91: =VLOOKUP(Tabel3[[#This Row],[P-nr]],'data Chauffeur'!A:F,4,FALSE) -> Steven Storm | H91: =VLOOKUP(Tabel3[[#This Row],[P-nr]],'data Chauffeur'!A:F,5,FALSE) -> G10 | I91: schade | K91: 8538 Philippe Vandewalle | L91: 45838 | M91: wegcode | O91: goed | R91: X
B92: 40138 | C92: =VLOOKUP(Tabel3[[#This Row],[P-nr]],'data Chauffeur'!A:F,2,FALSE) -> Moerman | D92: =VLOOKUP(Tabel3[[#This Row],[P-nr]],'data Chauffeur'!A:F,3,FALSE) -> Tjimmy | E92: =CONCATENATE(Tabel3[[#This Row],[P-nr]]," ",Tabel3[[#This Row],[Naam]]," ",Tabel3[[#This Row],[Voornaam]]) -> 40138 Moerman Tjimmy | F92: =VLOOKUP(Tabel3[[#This Row],[P-nr]],'data Chauffeur'!A:F,6) -> Gent stad | G92: =VLOOKUP(Tabel3[[#This Row],[P-nr]],'data Chauffeur'!A:F,4,FALSE) -> Christoff Rotty | H92: =VLOOKUP(Tabel3[[#This Row],[P-nr]],'data Chauffeur'!A:F,5,FALSE) -> RESF | I92: ongevallen | J92: bus | K92: 8538 Philippe Vandewalle | L92: 45838 | O92: goed | R92: X
B93: 33965 | C93: =VLOOKUP(Tabel3[[#This Row],[P-nr]],'data Chauffeur'!A:F,2,FALSE) -> #N/A | D93: =VLOOKUP(Tabel3[[#This Row],[P-nr]],'data Chauffeur'!A:F,3,FALSE) -> #N/A | E93: =CONCATENATE(Tabel3[[#This Row],[P-nr]]," ",Tabel3[[#This Row],[Naam]]," ",Tabel3[[#This Row],[Voornaam]]) -> #N/A | F93: =VLOOKUP(Tabel3[[#This Row],[P-nr]],'data Chauffeur'!A:F,6) -> Gent stad | G93: =VLOOKUP(Tabel3[[#This Row],[P-nr]],'data Chauffeur'!A:F,4,FALSE) -> #N/A | H93: =VLOOKUP(Tabel3[[#This Row],[P-nr]],'data Chauffeur'!A:F,5,FALSE) -> #N/A | I93: schade >5 ongevallen | K93: 16707 Wim Van Hende | L93: 45841 | M93: wegcode | N93: snelheid | O93: voldoende | R93: X
B94: 17566 | C94: =VLOOKUP(Tabel3[[#This Row],[P-nr]],'data Chauffeur'!A:F,2,FALSE) -> Praet | D94: =VLOOKUP(Tabel3[[#This Row],[P-nr]],'data Chauffeur'!A:F,3,FALSE) -> Reginald | E94: =CONCATENATE(Tabel3[[#This Row],[P-nr]]," ",Tabel3[[#This Row],[Naam]]," ",Tabel3[[#This Row],[Voornaam]]) -> 17566 Praet Reginald | F94: =VLOOKUP(Tabel3[[#This Row],[P-nr]],'data Chauffeur'!A:F,6) -> #N/A | G94: =VLOOKUP(Tabel3[[#This Row],[P-nr]],'data Chauffeur'!A:F,4,FALSE) -> Bart Van Der Beken | H94: =VLOOKUP(Tabel3[[#This Row],[P-nr]],'data Chauffeur'!A:F,5,FALSE) -> T24 | I94: spontane coaching | J94: tram | K94: 6046 Joel De Maegd | L94: 45841 | O94: goed | R94: X
B95: 16897 | C95: =VLOOKUP(Tabel3[[#This Row],[P-nr]],'data Chauffeur'!A:F,2,FALSE) -> VandenDaele | D95: =VLOOKUP(Tabel3[[#This Row],[P-nr]],'data Chauffeur'!A:F,3,FALSE) -> Andy | E95: =CONCATENATE(Tabel3[[#This Row],[P-nr]]," ",Tabel3[[#This Row],[Naam]]," ",Tabel3[[#This Row],[Voornaam]]) -> 16897 VandenDaele Andy | F95: =VLOOKUP(Tabel3[[#This Row],[P-nr]],'data Chauffeur'!A:F,6) -> #N/A | G95: =VLOOKUP(Tabel3[[#This Row],[P-nr]],'data Chauffeur'!A:F,4,FALSE) -> Steven Storm | H95: =VLOOKUP(Tabel3[[#This Row],[P-nr]],'data Chauffeur'!A:F,5,FALSE) -> T24 | I95: spontane coaching | J95: tram | K95: 6046 Joel De Maegd | L95: 45841 | O95: goed | R95: X
B96: 39712 | C96: =VLOOKUP(Tabel3[[#This Row],[P-nr]],'data Chauffeur'!A:F,2,FALSE) -> Repaj | D96: =VLOOKUP(Tabel3[[#This Row],[P-nr]],'data Chauffeur'!A:F,3,FALSE) -> Ramazan | E96: =CONCATENATE(Tabel3[[#This Row],[P-nr]]," ",Tabel3[[#This Row],[Naam]]," ",Tabel3[[#This Row],[Voornaam]]) -> 39712 Repaj Ramazan | F96: =VLOOKUP(Tabel3[[#This Row],[P-nr]],'data Chauffeur'!A:F,6) -> Gent stad | G96: =VLOOKUP(Tabel3[[#This Row],[P-nr]],'data Chauffeur'!A:F,4,FALSE) -> Bart Van Der Beken | H96: =VLOOKUP(Tabel3[[#This Row],[P-nr]],'data Chauffeur'!A:F,5,FALSE) -> RESF | I96: coaching na gsm gebruik | J96: bus | K96: 8538 Philippe Vandewalle | L96: 45841 | O96: voldoende | R96: X
B97: 39660 | C97: =VLOOKUP(Tabel3[[#This Row],[P-nr]],'data Chauffeur'!A:F,2,FALSE) -> Lloyd | D97: =VLOOKUP(Tabel3[[#This Row],[P-nr]],'data Chauffeur'!A:F,3,FALSE) -> Glenn | E97: =CONCATENATE(Tabel3[[#This Row],[P-nr]]," ",Tabel3[[#This Row],[Naam]]," ",Tabel3[[#This Row],[Voornaam]]) -> 39660 Lloyd Glenn | F97: =VLOOKUP(Tabel3[[#This Row],[P-nr]],'data Chauffeur'!A:F,6) -> Gent stad | G97: =VLOOKUP(Tabel3[[#This Row],[P-nr]],'data Chauffeur'!A:F,4,FALSE) -> Bart Van Der Beken | H97: =VLOOKUP(Tabel3[[#This Row],[P-nr]],'data Chauffeur'!A:F,5,FALSE) -> RESF | I97: niet naleven snelheid/stuurhouding | J97: bus | K97: 7848 Kathy Vermandel | L97: 45842 | O97: goed | R97: X
B98: 40939 | C98: =VLOOKUP(Tabel3[[#This Row],[P-nr]],'data Chauffeur'!A:F,2,FALSE) -> Cisse | D98: =VLOOKUP(Tabel3[[#This Row],[P-nr]],'data Chauffeur'!A:F,3,FALSE) -> Sayon | E98: =CONCATENATE(Tabel3[[#This Row],[P-nr]]," ",Tabel3[[#This Row],[Naam]]," ",Tabel3[[#This Row],[Voornaam]]) -> 40939 Cisse Sayon | F98: =VLOOKUP(Tabel3[[#This Row],[P-nr]],'data Chauffeur'!A:F,6) -> Gent stad | G98: =VLOOKUP(Tabel3[[#This Row],[P-nr]],'data Chauffeur'!A:F,4,FALSE) -> Kenneth De Rick | H98: =VLOOKUP(Tabel3[[#This Row],[P-nr]],'data Chauffeur'!A:F,5,FALSE) -> RESF | I98: schade | J98: bus | K98: 20608 Joeri Mestdag | L98: 45852 | M98: interne reglementering | N98: oortjes | O98: voldoende | R98: X
B99: 31731 | C99: =VLOOKUP(Tabel3[[#This Row],[P-nr]],'data Chauffeur'!A:F,2,FALSE) -> Dedapper | D99: =VLOOKUP(Tabel3[[#This Row],[P-nr]],'data Chauffeur'!A:F,3,FALSE) -> Marijke | E99: =CONCATENATE(Tabel3[[#This Row],[P-nr]]," ",Tabel3[[#This Row],[Naam]]," ",Tabel3[[#This Row],[Voornaam]]) -> 31731 Dedapper Marijke | F99: =VLOOKUP(Tabel3[[#This Row],[P-nr]],'data Chauffeur'!A:F,6) -> Gent stad | G99: =VLOOKUP(Tabel3[[#This Row],[P-nr]],'data Chauffeur'!A:F,4,FALSE) -> Els Vanhoe | H99: =VLOOKUP(Tabel3[[#This Row],[P-nr]],'data Chauffeur'!A:F,5,FALSE) -> BO15 | I99: schade | J99: bus | K99: 20608 Joeri Mestdag | L99: 45852 | M99: interne reglementering | N99: oortjes | O99: voldoende | R99: X
B100: 16095 | C100: =VLOOKUP(Tabel3[[#This Row],[P-nr]],'data Chauffeur'!A:F,2,FALSE) -> Rouan | D100: =VLOOKUP(Tabel3[[#This Row],[P-nr]],'data Chauffeur'!A:F,3,FALSE) -> Jeroen | E100: =CONCATENATE(Tabel3[[#This Row],[P-nr]]," ",Tabel3[[#This Row],[Naam]]," ",Tabel3[[#This Row],[Voornaam]]) -> 16095 Rouan Jeroen | F100: =VLOOKUP(Tabel3[[#This Row],[P-nr]],'data Chauffeur'!A:F,6) -> #N/A | G100: =VLOOKUP(Tabel3[[#This Row],[P-nr]],'data Chauffeur'!A:F,4,FALSE) -> Kenneth De Rick | H100: =VLOOKUP(Tabel3[[#This Row],[P-nr]],'data Chauffeur'!A:F,5,FALSE) -> M15 | I100: =I92 -> ongevallen | J100: tram | K100: 6046 Joel De Maegd | L100: 45854 | O100: zeer goed | R100: X
...

Sheet draaitabel
A2: Aantal van Datum coaching | B2: Kolomlabels
A3: Rijlabels | B3: goed | C3: Formule1 | D3: Formule2 | E3: onvoldoende | F3: slecht | G3: voldoende | H3: zeer goed | I3: Zeer slecht | J3: Eindtotaal
A4: achterruit rijden met tram | B4: 1 | J4: 1
A5: Geen opmerkingen | B5: 12 | H5: 12 | J5: 24
A6: gsm gebruik | B6: 1 | E6: 1 | J6: 2
A7: interne reglementering | B7: 5 | E7: 6 | G7: 8 | H7: 2 | J7: 21
A8: interne reglementering (gsm en oortjes) | G8: 1 | J8: 1
A9: Kijktechniek bij het nemen van halte en wegrijden van halten moet beter. Neemt regelmatig boorduren mee | E9: 1 | J9: 1
A10: Klantenzorg | B10: 3 | E10: 1 | G10: 2 | J10: 6
A11: meer spiegel gebruik | B11: 2 | J11: 2
A12: positie baan | B12: 1 | J12: 1
A13: rem | G13: 1 | J13: 1
A14: snelheden niet gerespecteerd | B14: 5 | E14: 1 | F14: 1 | G14: 2 | J14: 9
A15: te vroeg rijden | B15: 1 | J15: 1
A16: uniform | H16: 1 | J16: 1
A17: voertuigbeheersing | B17: 12 | G17: 8 | H17: 1 | I17: 1 | J17: 22
A18: wegcode | B18: 15 | E18: 7 | F18: 2 | G18: 21 | I18: 1 | J18: 46
A19: (leeg) | B19: 41 | E19: 2 | G19: 22 | H19: 67 | J19: 132
A20: Positieve coaching | B20: 1 | J20: 1
A21: werkpunten 1 | H21: 1 | J21: 1
A22: aandacht voor correct stuurgebruik
A23: aandoen haltes
A24: achterruit rijden
A25: andere weggebruikers
A26: Behulpzaam
A27: beter naleven verkeerslichten
A28: correct uitvoeren van haltering
A29: Defensief rijden
A30: Geen opmerkingen
A31: GSM
A32: interne reglementering
A33: oortjes
... A49: wegcode
A50: 45838
A51: (leeg) | H51: 1 | J51: 1
A52: 46014 | G52: 1 | J52: 1
A53: aandacht voor correct stuurgebruik
A54: aandoen haltes
A55: achterruit rijden
A56: andere weggebruikers
A57: Behulpzaam
A58: beter naleven verkeerslichten
A59: correct uitvoeren van haltering
A60: Defensief rijden
A61: Geen opmerkingen
A62: GSM
A63: interne reglementering
A64: oortjes
... A80: wegcode
A81: 45838
A82: (leeg) | G82: 1 | J82: 1
A83: Eindtotaal | B83: 100 | E83: 19 | F83: 3 | G83: 66 | H83: 84 | I83: 2 | J83: 274

Sheet Ingeplande per TC
A1: Ingepland | B1: Teamcoach | D1: voltooid | E1: teamcoach
A2: =COUNTIF(Coaching!I1:I9880,Tabel1[[#This Row],[Teamcoach]]) -> 4 | B2: Christoff Rotty | D2: =COUNTIF('Voltooide coachings'!G:G,Tabel1[[#This Row],[Teamcoach]]) -> 46 | E2: =Tabel1[[#This Row],[Teamcoach]] -> Christoff Rotty
A3: =COUNTIF(Coaching!I2:I9881,Tabel1[[#This Row],[Teamcoach]]) -> 14 | B3: Bart Van der Beken | D3: =COUNTIF('Voltooide coachings'!G:G,Tabel1[[#This Row],[Teamcoach]]) -> 34 | E3: =Tabel1[[#This Row],[Teamcoach]] -> Bart Van der Beken
A4: =COUNTIF(Coaching!I2:I9882,Tabel1[[#This Row],[Teamcoach]]) -> 5 | B4: Els Dewulf | D4: =COUNTIF('Voltooide coachings'!G:G,Tabel1[[#This Row],[Teamcoach]]) -> 29 | E4: =Tabel1[[#This Row],[Teamcoach]] -> Els Dewulf
A5: =COUNTIF(Coaching!I2:I9883,Tabel1[[#This Row],[Teamcoach]]) -> 9 | B5: Els Vanhoe | D5: =COUNTIF('Voltooide coachings'!G:G,Tabel1[[#This Row],[Teamcoach]]) -> 39 | E5: =Tabel1[[#This Row],[Teamcoach]] -> Els Vanhoe
A6: =COUNTIF(Coaching!I3:I9884,Tabel1[[#This Row],[Teamcoach]]) -> 5 | B6: Dominique De Clercq | D6: =COUNTIF('Voltooide coachings'!G:G,Tabel1[[#This Row],[Teamcoach]]) -> 45 | E6: =Tabel1[[#This Row],[Teamcoach]] -> Dominique De Clercq
A7: =COUNTIF(Coaching!I4:I9885,Tabel1[[#This Row],[Teamcoach]]) -> 4 | B7: Steven Storm | D7: =COUNTIF('Voltooide coachings'!G:G,Tabel1[[#This Row],[Teamcoach]]) -> 21 | E7: =Tabel1[[#This Row],[Teamcoach]] -> Steven Storm
A8: =COUNTIF(Coaching!I4:I9886,Tabel1[[#This Row],[Teamcoach]]) -> 10 | B8: Lucie Vande Velde | D8: =COUNTIF('Voltooide coachings'!G:G,Tabel1[[#This Row],[Teamcoach]]) -> 30 | E8: =Tabel1[[#This Row],[Teamcoach]] -> Lucie Vande Velde
A9: =COUNTIF(Coaching!I4:I9887,Tabel1[[#This Row],[Teamcoach]]) -> 8 | B9: Kenneth De Rick | D9: =COUNTIF('Voltooide coachings'!G:G,Tabel1[[#This Row],[Teamcoach]]) -> 36 | E9: =Tabel1[[#This Row],[Teamcoach]] -> Kenneth De Rick

Sheet Vervolglijsten
A1: prioriteit | B1: hercoaching | C1: OT | D1: Bus/Tram | E1: instructeur | F1: werkpunten 1 | G1: werkpunten 2 | H1: beoordeling coaching | I1: SSF
A2: ja | B2: ja | C2: Gent Stad | D2: Bus | E2: Teamcoach | F2: Voertuigbeheersing | G2: Defensief rijden | H2: Zeer slecht | I2: ja
A3: ja, gepland | B3: nee | C3: Oost Vlaanderen Streek | D3: Tram | E3: 4691 Wim Van De Vijver | F3: Wegcode | G3: Positie baan | H3: Slecht | I3: nee
A4: gepland | E4: 4692 Dirk Verdonck (admin) | F4: Interne reglementering | G4: Aandoen haltes | H4: Onvoldoende
A5: nee | E5: 4707 Peter Schijvens | F5: Klantenzorg | G5: Voorrang | H5: Voldoende
E6: 6046 Joël De Maegd | F6: Geen opmerkingen | G6: Snelheid | H6: Goed
E7: 7848 Kathy Vermandel | G7: Andere weggebruikers | H7: Zeer goed
E8: 8538 Philippe Vandewalle | G8: Uniform
E9: 10905 Nourreddine Hamidou | G9: GSM
E10: 14537 Andy Gheerardijn | G10: Oortjes
E11: 16707 Wim Van Hende | G11: Te vroeg rijden
E12: 17552 Daisy De Geyter | G12: Vriendelijk
E13: 20541 Ruben Seghers | G13: Behulpzaam
E14: 20608 Joeri Mestdag | G14: Correcte info delen
E15: 22812 Tom De Clercq | G15: Geen opmerkingen
E16: 24577 Thierry De Vlieger
E17: 25875 Debby Verstockt
E18: 26202 Ward Desmet
E19: 27081 Guillaume Duré
E20: 29544 Roy Weyenbergh
E21: 29909 Ellen Lenders
E22: 31154 Jochen De Smaele
E23: 32710 Dirk Vanderstraeten

Sheet data Chauffeur
A1: PersoneelsNr | B1: Naam | C1: Voornaam | D1: Teamcoach | E1: Dienstrol | F1: OT
A2: 32458 | B2: Cifteoglu | C2: Sedat | D2: Els Dewulf | E2: B09 | F2: Gent stad
A3: 34198 | B3: Pelfrene | C3: Toby | D3: Els Vanhoe | E3: B09 | F3: Gent stad
A4: 34325 | B4: Eid | C4: Mathyn | D4: Steven Storm | E4: B09 | F4: Gent stad
A5: 35220 | B5: Akmese | C5: Ahmet | D5: Lucie Vande Velde | E5: B09 | F5: Gent stad
A6: 35055 | B6: Kocabas | C6: Abdülkadir | D6: Els Vanhoe | E6: B09 | F6: Gent stad
A7: 35107 | B7: Rotsaert | C7: Dominique | D7: Bart Van Der Beken | E7: B09 | F7: Gent stad
A8: 35493 | B8: van Turnhout | C8: Mariëlle | D8: Lucie Vande Velde | E8: B09 | F8: Gent stad
A9: 35490 | B9: Nguetto | C9: Brisco Romeo | D9: Steven Storm | E9: B09 | F9: Gent stad
A10: 35494 | B10: Rummens | C10: Maarten | D10: Els Vanhoe | E10: B09 | F10: Gent stad
A11: 35495 | B11: Razzaz | C11: Mahmoud | D11: Kenneth De Rick | E11: B09 | F11: Gent stad
A12: 35430 | B12: Vlaminck | C12: Dirk | D12: Els Vanhoe | E12: B09 | F12: Gent stad
A13: 35588 | B13: Smesman | C13: Glenn | D13: Lucie Vande Velde | E13: B09 | F13: Gent stad
... A598: 26265 | B598: Van Vlem | C598: Danny | D598: Christoff Rotty | E598: TW24 | F598: Gent stad
